federal,Clarity Score
0,-1.699266
0,-1.534421
0,-1.662084
0,-1.648888
0,-1.46786
0,-1.585861
0,-1.45031
0,-1.504114
0,-1.501776
0,-1.553687
0,-1.541342
0,-1.509863
0,-1.492487
0,-1.466506
0,-1.519413
0,-1.520538
0,-1.486374
0,-1.468812
0,-1.463863
0,-1.450855
0,-1.451186
0,-1.4968
0,-1.461148
0,-1.443195
0,-1.480098
0,-1.168168
0,-1.449237
0,-1.466341
0,-1.464333
0,-1.495773
0,-1.406188
0,-1.287077
0,-1.429776
0,-1.435538
0,-1.339655
0,-1.453481
0,-1.402435
0,-1.420935
0,-1.423104
0,-1.421638
0,-1.419234
0,-1.468929
0,-1.380521
0,-1.372851
0,-1.399397
0,-1.402305
0,-1.435695
0,-1.279765
0,-1.444025
0,-1.369212
0,-1.376699
0,-1.35859
0,-1.3565
0,-1.381452
0,-1.369361
0,-1.377121
0,-1.416006
0,-1.408465
0,-1.376825
0,-1.412327
0,-1.425762
0,-1.355899
0,-1.337278
0,-1.358814
0,-1.357833
0,-1.357807
0,-1.365978
0,-1.387413
0,-1.42227
0,-1.372457
0,-1.361178
0,-1.300077
0,-1.341197
0,-1.377243
0,-1.408397
0,-1.324507
0,-1.272256
0,-1.30047
0,-1.375233
0,-1.346654
0,-1.416063
0,-1.308197
0,-1.232065
0,-1.339451
0,-1.372363
0,-1.315785
0,-1.35267
0,-1.320559
0,-1.316808
0,-1.311341
0,-1.342229
0,-1.228574
0,-1.338494
0,-1.30181
0,-1.36124
0,-1.351243
0,-1.294448
0,-1.358788
0,-1.302931
0,-1.358261
0,-1.32417
0,-1.279756
0,-1.32263
0,-1.324487
0,-1.316803
0,-1.322464
0,-1.302565
0,-1.329849
0,-1.282791
0,-1.265394
0,-1.288274
0,-1.343482
0,-1.30627
0,-1.318087
0,-1.357452
0,-1.287474
0,-1.233696
0,-1.267909
0,-1.325693
0,-1.278663
0,-1.336497
0,-1.334822
0,-1.273873
0,-1.321394
0,-1.321394
0,-1.256246
0,-1.290441
0,-1.308709
0,-1.262695
0,-1.251665
0,-1.274193
0,-1.306152
0,-1.253026
0,-1.276357
0,-1.231901
0,-1.210196
0,-1.262251
0,-1.309753
0,-1.275876
0,-1.309752
0,-1.268495
0,-1.19656
0,-1.242327
0,-1.326958
0,-1.191052
0,-1.267461
0,-1.228023
0,-1.262955
0,-1.292517
0,-1.222461
0,-1.216511
0,-1.31739
0,-1.278989
0,-1.240056
0,-1.256404
0,-1.264146
0,-1.219649
0,-1.152805
0,-1.239641
0,-1.275946
0,-1.20682
0,-1.266201
0,-1.184342
0,-1.216193
0,-1.254737
0,-1.280379
0,-1.252999
0,-1.246264
0,-1.310222
0,-1.250808
0,-1.240782
0,-1.186843
0,-1.189974
0,-1.208648
0,-1.251604
0,-1.273523
0,-1.159618
0,-1.303084
0,-1.20635
0,-1.166154
0,-1.23194
0,-1.188658
0,-1.244563
0,-1.20749
0,-1.272522
0,-1.212718
0,-1.263747
0,-1.198123
0,-1.194718
0,-1.22507
0,-1.147942
0,-1.161027
0,-1.218745
0,-1.207631
0,-1.256242
0,-1.159795
0,-1.175352
0,-1.24754
0,-1.195221
0,-1.22417
0,-1.181674
0,-1.149948
0,-1.150199
0,-1.15749
0,-1.197427
0,-1.157256
0,-1.171645
0,-1.209962
0,-1.163375
0,-1.169651
0,-1.134354
0,-1.161771
0,-1.144318
0,-1.171636
0,-1.145236
0,-1.188315
0,-1.114639
0,-1.199369
0,-1.130018
0,-1.185177
0,-1.135328
0,-1.186781
0,-1.217323
0,-1.257695
0,-1.20778
0,-1.13694
0,-1.208041
0,-1.134494
0,-1.152104
0,-1.103586
0,-1.127622
0,-1.186468
0,-1.158408
0,-1.169691
0,-1.218216
0,-1.159983
0,-1.182172
0,-1.180359
0,-1.197235
0,-1.206116
0,-1.20075
0,-1.126589
0,-1.228137
0,-1.039922
0,-1.217221
0,-1.197031
0,-1.124997
0,-1.064476
0,-1.142346
0,-1.140829
0,-1.13045
0,-1.129674
0,-1.195664
0,-1.087734
0,-1.158677
0,-1.161394
0,-1.106232
0,-1.116396
0,-1.107498
0,-1.208499
0,-1.135746
0,-1.171502
0,-1.067924
0,-1.118791
0,-1.104659
0,-1.13825
0,-1.156993
0,-1.150135
0,-1.167397
0,-1.134807
0,-1.116745
0,-1.092903
0,-1.077336
0,-1.190057
0,-1.085442
0,-1.10927
0,-1.0788
0,-1.155393
0,-1.153733
0,-1.201127
0,-1.110788
0,-1.126816
0,-1.124038
0,-1.066695
0,-1.076814
0,-1.110003
0,-1.078537
0,-1.163153
0,-1.028182
0,-1.131927
0,-1.111052
0,-1.107334
0,-1.156743
0,-1.091997
0,-1.135575
0,-1.07112
0,-1.158977
0,-1.138672
0,-1.120395
0,-1.110401
0,-1.05996
0,-1.094184
0,-1.126405
0,-1.070263
0,-1.094705
0,-1.08658
0,-1.099772
0,-1.158067
0,-1.136515
0,-1.15112
0,-1.106903
0,-1.100491
0,-1.087492
0,-1.082871
0,-1.075315
0,-1.101347
0,-1.059833
0,-1.153414
0,-1.107996
0,-1.121201
0,-1.072112
0,-1.146752
0,-1.091226
0,-1.090614
0,-1.092046
0,-1.09487
0,-1.083832
0,-1.131884
0,-1.134744
0,-1.06968
0,-1.083922
0,-1.106488
0,-1.110026
0,-1.080776
0,-1.083528
0,-1.06564
0,-1.137696
0,-1.096089
0,-1.138758
0,-1.160565
0,-1.13041
0,-1.03805
0,-1.044383
0,-1.050677
0,-1.074683
0,-1.128041
0,-1.125221
0,-1.056887
0,-1.093838
0,-1.068069
0,-1.085083
0,-1.090358
0,-1.080654
0,-1.112658
0,-1.11042
0,-1.073241
0,-1.132489
0,-1.153549
0,-1.055189
0,-1.078019
0,-1.106145
0,-1.032744
0,-0.9154063
0,-1.086833
0,-1.100691
0,-1.08797
0,-1.092228
0,-1.077974
0,-1.098173
0,-1.100748
0,-1.113149
0,-1.094566
0,-1.114082
0,-1.072795
0,-1.09475
0,-1.06694
0,-1.060388
0,-1.080688
0,-1.067551
0,-1.104029
0,-1.129656
0,-1.022679
0,-1.05409
0,-1.088672
0,-1.04624
0,-1.076498
0,-1.045651
0,-1.070431
0,-1.027702
0,-1.037676
0,-0.9451361
0,-1.085498
0,-1.027186
0,-1.11096
0,-1.125163
0,-1.036685
0,-1.071884
0,-1.048781
0,-1.049133
0,-1.043011
0,-1.084495
0,-1.052943
0,-1.061414
0,-1.112023
0,-1.067815
0,-1.051422
0,-0.9763765
0,-1.066639
0,-1.107728
0,-1.036969
0,-1.048965
0,-1.082845
0,-1.046887
0,-1.043836
0,-1.052476
0,-1.022326
0,-1.013076
0,-1.105213
0,-1.028372
0,-1.093155
0,-1.005826
0,-1.111166
0,-1.116309
0,-1.100623
0,-1.026506
0,-1.050074
0,-1.06784
0,-1.061748
0,-1.071398
0,-1.040418
0,-1.039702
0,-1.054039
0,-1.033157
0,-1.034411
0,-1.029078
0,-1.006912
0,-1.057703
0,-1.123205
0,-0.9887801
0,-1.041451
0,-1.030676
0,-1.037872
0,-1.02622
0,-1.033646
0,-1.008739
0,-1.049956
0,-1.05998
0,-1.050349
0,-1.037611
0,-0.9980178
0,-1.086535
0,-1.057197
0,-1.074011
0,-1.01763
0,-1.07532
0,-1.032206
0,-1.01494
0,-1.02846
0,-1.051136
0,-1.070304
0,-1.018435
0,-0.9880417
0,-1.03265
0,-1.07912
0,-1.090051
0,-1.018857
0,-1.089272
0,-1.012724
0,-1.046611
0,-1.021346
0,-1.035386
0,-1.037341
0,-1.093484
0,-1.119447
0,-1.015627
0,-1.036743
0,-1.058311
0,-1.055219
0,-1.10375
0,-1.049007
0,-1.019748
0,-1.015667
0,-1.084105
0,-1.03734
0,-1.011503
0,-1.007561
0,-1.064466
0,-1.039913
0,-1.024032
0,-1.023053
0,-1.035857
0,-1.012439
0,-1.009131
0,-1.029211
0,-1.086774
0,-1.000556
0,-1.078013
0,-1.034794
0,-1.026221
0,-1.025393
0,-1.02822
0,-1.002755
0,-1.092775
0,-0.9843733
0,-1.101485
0,-1.094621
0,-1.083954
0,-0.9950761
0,-1.051287
0,-0.9886274
0,-1.017687
0,-1.092879
0,-0.997797
0,-1.043063
0,-1.064178
0,-1.019323
0,-1.020305
0,-1.00422
0,-0.9957512
0,-1.022952
0,-0.9998391
0,-1.039212
0,-1.046173
0,-1.041012
0,-1.003847
0,-0.9617628
0,-1.020753
0,-1.01136
0,-1.018516
0,-1.06758
0,-0.9583381
0,-1.011324
0,-1.035228
0,-0.9601567
0,-1.017722
0,-0.9828001
0,-0.9528126
0,-1.034132
0,-1.050261
0,-0.9724555
0,-1.062023
0,-0.9229318
0,-0.9939095
0,-1.023436
0,-1.047025
0,-1.047845
0,-0.9831284
0,-1.031558
0,-1.013112
0,-1.008971
0,-0.9975508
0,-1.027912
0,-0.9957006
0,-1.103265
0,-1.02486
0,-0.9589558
0,-0.9824778
0,-1.038105
0,-1.067778
0,-1.011074
0,-1.003519
0,-1.020744
0,-1.040542
0,-0.9967548
0,-1.034955
0,-1.008439
0,-0.9973499
0,-0.9876263
0,-1.007772
0,-1.049524
0,-0.9825163
0,-1.00371
0,-1.013304
0,-1.057969
0,-1.051543
0,-0.9875132
0,-1.013053
0,-1.030442
0,-1.04126
0,-0.9718437
0,-0.9637552
0,-0.9927043
0,-1.03797
0,-1.065987
0,-1.014612
0,-0.9834138
0,-0.951992
0,-0.9878784
0,-0.962875
0,-1.016279
0,-1.007181
0,-0.9766629
0,-0.9612619
0,-0.975176
0,-1.055984
0,-1.008952
0,-0.9814932
0,-1.001603
0,-0.9324478
0,-0.968321
0,-0.9695254
0,-0.96014
0,-0.9559166
0,-0.9692121
0,-0.9451199
0,-0.9689542
0,-0.9806389
0,-0.9310663
0,-0.9468297
0,-0.9330061
0,-0.946252
0,-1.006242
0,-0.9496199
0,-0.9448577
0,-1.020354
0,-1.007884
0,-0.9073764
0,-0.9780323
0,-0.9649698
0,-1.038192
0,-1.007139
0,-1.00255
0,-0.9648975
0,-0.9643137
0,-0.9565413
0,-0.9854056
0,-0.9595659
0,-0.9660529
0,-0.8493103
0,-1.012153
0,-0.9515139
0,-0.962674
0,-0.9419498
0,-0.9443551
0,-1.035003
0,-0.9759086
0,-0.9098124
0,-0.9928649
0,-1.010303
0,-1.019865
0,-0.9467569
0,-0.9759318
0,-0.9561447
0,-0.9758233
0,-1.011814
0,-0.9993744
0,-1.007815
0,-0.9568239
0,-1.027711
0,-0.949077
0,-0.9929211
0,-0.9497648
0,-0.9716874
0,-1.006567
0,-0.9674132
0,-1.016774
0,-1.051881
0,-1.014834
0,-0.9254619
0,-0.9582016
0,-1.025309
0,-0.9697811
0,-0.9597235
0,-0.96782
0,-0.9431678
0,-0.9238399
0,-0.9575105
0,-1.042418
0,-0.9515913
0,-0.9955747
0,-0.9987637
0,-0.9537722
0,-0.985565
0,-0.984348
0,-0.9241394
0,-0.9705365
0,-1.001717
0,-1.005881
0,-0.9424845
0,-0.9536798
0,-0.9128363
0,-0.9977537
0,-0.9731252
0,-1.022243
0,-0.9990266
0,-0.9314572
0,-0.9502428
0,-1.01837
0,-0.9070909
0,-0.9780412
0,-0.9947974
0,-1.008137
0,-1.01198
0,-0.9883664
0,-0.9928941
0,-0.9381735
0,-0.9023404
0,-0.9488772
0,-0.9394408
0,-0.9302479
0,-0.9806459
0,-0.9790913
0,-0.9188732
0,-0.961262
0,-0.9426805
0,-0.9394326
0,-0.9676867
0,-0.9077036
0,-0.9425687
0,-0.9651543
0,-0.9800975
0,-0.984687
0,-0.9503378
0,-1.000409
0,-0.988216
0,-0.948833
0,-0.9476634
0,-0.9192878
0,-0.9646249
0,-0.9405198
0,-0.9389821
0,-0.9330241
0,-0.9232435
0,-0.9171264
0,-0.9252107
0,-0.9223362
0,-0.9313394
0,-0.9310725
0,-0.9493976
0,-0.9928612
0,-0.9567479
0,-0.9483369
0,-0.9504263
0,-0.9760767
0,-0.9649433
0,-1.032666
0,-1.000688
0,-0.9761545
0,-0.9195406
0,-0.9275686
0,-0.9150655
0,-0.902945
0,-0.9739078
0,-0.920202
0,-0.9302252
0,-0.9818664
0,-0.8202286
0,-0.9862604
0,-0.9593697
0,-0.9206969
0,-0.9673216
0,-0.929338
0,-0.9330978
0,-0.9598665
0,-0.9312954
0,-0.9503957
0,-0.9693096
0,-0.9355607
0,-0.9082589
0,-0.9955838
0,-0.9282514
0,-0.9448455
0,-0.8987589
0,-0.9334425
0,-0.9817111
0,-0.9617979
0,-0.9171665
0,-0.9113993
0,-0.9386085
0,-0.9120783
0,-0.922239
0,-0.932825
0,-0.942258
0,-0.9318004
0,-0.9781931
0,-0.8813481
0,-0.9524906
0,-0.966499
0,-0.9238104
0,-0.843207
0,-0.9162351
0,-0.9176875
0,-0.8919374
0,-0.8806944
0,-0.985198
0,-0.9757071
0,-0.9155802
0,-0.8841522
0,-0.9783528
0,-0.8359488
0,-0.939272
0,-0.8809744
0,-0.9218057
0,-0.962505
0,-0.7714579
0,-0.9363041
0,-0.9676505
0,-0.9165666
0,-0.9272663
0,-0.9080963
0,-0.9542391
0,-0.9662091
0,-0.9729952
0,-0.8631819
0,-0.8473327
0,-0.9112486
0,-0.9475915
0,-0.963385
0,-0.9499722
0,-0.9326586
0,-0.9065748
0,-0.9789712
0,-0.9397534
0,-0.9403786
0,-0.9424615
0,-0.9521512
0,-0.9453487
0,-0.9314354
0,-0.9308775
0,-0.9153505
0,-0.9137502
0,-0.9390569
0,-0.8649256
0,-0.9227772
0,-0.9126413
0,-0.9417902
0,-0.9039133
0,-0.8843295
0,-0.8984613
0,-0.9075826
0,-0.9320397
0,-0.9108491
0,-0.9568121
0,-0.9025721
0,-0.919827
0,-0.9063362
0,-0.9680628
0,-0.8885691
0,-0.9607911
0,-0.8980994
0,-0.933508
0,-0.9371468
0,-0.9287208
0,-0.9914691
0,-0.878516
0,-0.8722476
0,-0.9550333
0,-0.9248859
0,-0.911354
0,-0.8996395
0,-0.9386618
0,-0.9547937
0,-0.9066561
0,-0.8369854
0,-0.900174
0,-0.9258983
0,-0.9161839
0,-0.933296
0,-0.8867049
0,-0.8799164
0,-0.9037434
0,-0.8602276
0,-0.9010328
0,-0.8866448
0,-0.8931024
0,-0.8148247
0,-0.884693
0,-0.8750039
0,-0.9990185
0,-0.9133182
0,-0.9004535
0,-0.9253542
0,-0.8423854
0,-0.9305043
0,-0.9363609
0,-0.8758628
0,-0.9172482
0,-0.8876666
0,-0.9266481
0,-0.8086583
0,-0.816594
0,-0.8231862
0,-0.9504114
0,-0.9127895
0,-0.8896985
0,-0.9343833
0,-0.8743395
0,-0.8844765
0,-0.8548175
0,-0.9126266
0,-0.9035804
0,-0.8696392
0,-0.7746182
0,-0.8902752
0,-0.9044972
0,-0.937987
0,-0.8613485
0,-0.8836588
0,-0.9272472
0,-0.9029954
0,-0.9326862
0,-0.8565808
0,-0.9721471
0,-0.8860003
0,-0.7996432
0,-0.902097
0,-0.8418501
0,-0.8986903
0,-0.892621
0,-0.8980228
0,-0.9130685
0,-0.8310948
0,-0.9153714
0,-0.9163424
0,-0.8796922
0,-0.8940054
0,-0.8940054
0,-0.8210875
0,-0.8565484
0,-0.9310192
0,-0.8889269
0,-0.8871163
0,-0.9312349
0,-0.7615321
0,-0.932697
0,-0.9074811
0,-0.8791339
0,-0.8950924
0,-0.892455
0,-0.8945884
0,-0.8982629
0,-0.8876502
0,-0.8898719
0,-0.8241565
0,-0.8503599
0,-0.8736746
0,-0.868321
0,-0.8156884
0,-0.8763028
0,-0.9198666
0,-0.9034098
0,-0.8663408
0,-0.8371897
0,-0.9139461
0,-0.8672777
0,-0.8551635
0,-0.8135404
0,-0.899262
0,-0.8553485
0,-0.8931747
0,-0.8800631
0,-0.8415917
0,-0.9033132
0,-0.8888976
0,-0.8580534
0,-0.9398107
0,-0.8489633
0,-0.9008042
0,-0.8406562
0,-0.8562849
0,-0.8807373
0,-0.8839583
0,-0.8783743
0,-0.851224
0,-0.9011068
0,-0.8601455
0,-0.9146714
0,-0.8402138
0,-0.8578035
0,-0.9041321
0,-0.8373098
0,-0.9041969
0,-0.9057468
0,-0.8594384
0,-0.8770873
0,-0.8983626
0,-0.8330739
0,-0.8012651
0,-0.8544055
0,-0.8517976
0,-0.871601
0,-0.9289873
0,-0.8162215
0,-0.842869
0,-0.8726652
0,-0.8533996
0,-0.864643
0,-0.874358
0,-0.8895687
0,-0.8278378
0,-0.912631
0,-0.8863183
0,-0.8846105
0,-0.8946041
0,-0.8592255
0,-0.8755375
0,-0.8619248
0,-0.8835312
0,-0.8486576
0,-0.8524899
0,-0.8193779
0,-0.8567617
0,-0.8937477
0,-0.870744
0,-0.8665629
0,-0.8434207
0,-0.8952616
0,-0.7579966
0,-0.8302252
0,-0.8705459
0,-0.8044102
0,-0.8710533
0,-0.8714917
0,-0.8302454
0,-0.8441703
0,-0.852186
0,-0.8461128
0,-0.8752462
0,-0.8226411
0,-0.8837801
0,-0.8395817
0,-0.8796998
0,-0.8431755
0,-0.9007542
0,-0.8293352
0,-0.8341759
0,-0.8368563
0,-0.80253
0,-0.8570063
0,-0.8453469
0,-0.880867
0,-0.824708
0,-0.850825
0,-0.8461927
0,-0.8369063
0,-0.8377888
0,-0.8230397
0,-0.873412
0,-0.8587057
0,-0.8805761
0,-0.8341208
0,-0.8594898
0,-0.834347
0,-0.8770666
0,-0.8565831
0,-0.8375239
0,-0.8952828
0,-0.8379932
0,-0.8332175
0,-0.7737423
0,-0.7929603
0,-0.8775982
0,-0.8182063
0,-0.8036954
0,-0.8161419
0,-0.8945282
0,-0.8401328
0,-0.8662766
0,-0.8386166
0,-0.8687348
0,-0.8507465
0,-0.8080233
0,-0.8610795
0,-0.8724378
0,-0.8897259
0,-0.9294193
0,-0.8698942
0,-0.8349683
0,-0.8629152
0,-0.8491721
0,-0.8388359
0,-0.8610923
0,-0.7968687
0,-0.8121884
1,-2.549913
0,-0.8343006
0,-0.8326065
0,-0.7397743
0,-0.8781961
0,-0.8093898
0,-0.8543133
0,-0.832128
0,-0.8624818
0,-0.8240677
0,-0.840889
0,-0.7716666
0,-0.8078643
0,-0.841288
0,-0.8045204
0,-0.8469232
0,-0.8191277
0,-0.7955516
0,-0.7751823
0,-0.8206604
0,-0.7945558
0,-0.8086405
0,-0.7206693
0,-0.8681275
0,-0.850498
0,-0.815218
0,-0.8223267
0,-0.7755489
0,-0.8178344
0,-0.7973754
0,-0.7509266
0,-0.8133495
0,-0.8374203
0,-0.7376216
0,-0.8326401
0,-0.8261751
0,-0.7863102
0,-0.8359708
0,-0.8461438
0,-0.8353171
0,-0.8293031
0,-0.8355822
0,-0.7521383
0,-0.774861
0,-0.8101773
0,-0.7221023
0,-0.7139081
0,-0.8381402
0,-0.8115917
0,-0.8127382
0,-0.856451
0,-0.8468295
0,-0.8076487
0,-0.7972285
0,-0.8531934
0,-0.8151505
0,-0.8035592
0,-0.818073
0,-0.8044393
0,-0.8172832
0,-0.8414362
0,-0.8241469
0,-0.8535268
0,-0.8421223
0,-0.8105644
0,-0.8126767
0,-0.810908
0,-0.8609377
0,-0.7246411
0,-0.8253449
0,-0.8031185
0,-0.7693009
0,-0.7517489
0,-0.7984301
0,-0.8192753
0,-0.8259822
0,-0.7437373
0,-0.8279261
0,-0.7832025
0,-0.7854395
0,-0.7959419
0,-0.8225871
0,-0.7744213
0,-0.8069265
0,-0.8188381
0,-0.8163539
0,-0.8136427
0,-0.6930289
0,-0.8058784
0,-0.7919204
0,-0.7952601
0,-0.7791221
0,-0.8170611
0,-0.7545775
0,-0.8242646
0,-0.8034864
0,-0.8046468
0,-0.8321401
0,-0.8066322
0,-0.8036669
0,-0.7609304
0,-0.7901602
0,-0.7830097
0,-0.8220198
0,-0.7509127
0,-0.8031698
0,-0.801722
0,-0.7861705
0,-0.8095481
0,-0.8072825
0,-0.7319839
0,-0.7690049
0,-0.8118615
0,-0.7930785
0,-0.7811878
0,-0.7858213
0,-0.8062171
0,-0.7470056
0,-0.7644524
0,-0.770507
0,-0.7662385
0,-0.7884411
0,-0.8255379
0,-0.7166687
0,-0.8270846
0,-0.8062218
0,-0.765116
0,-0.7608527
0,-0.8496739
0,-0.8043409
0,-0.7444219
0,-0.7666535
0,-0.7679372
0,-0.7483782
0,-0.7583436
0,-0.839399
0,-0.7761906
0,-0.80635
0,-0.7298772
0,-0.7776353
0,-0.7631732
0,-0.7671989
0,-0.7908816
0,-0.8224379
0,-0.8330685
0,-0.771316
0,-0.7395037
0,-0.7520255
0,-0.7889644
0,-0.7837285
0,-0.8045683
0,-0.7622132
0,-0.7204584
0,-0.7481909
0,-0.7622207
0,-0.7259108
0,-0.784456
0,-0.7824864
0,-0.7470759
0,-0.7854083
0,-0.7885208
0,-0.7436121
0,-0.7945243
0,-0.7539004
0,-0.7040457
0,-0.7506533
0,-0.7520474
0,-0.6931989
0,-0.7591556
0,-0.7116663
0,-0.7943183
0,-0.7456021
0,-0.7645675
0,-0.7767418
0,-0.7528783
0,-0.7647609
0,-0.7605799
0,-0.7599953
0,-0.6917024
0,-0.7161447
0,-0.7377139
0,-0.7783282
0,-0.8090097
0,-0.7106915
0,-0.759532
0,-0.7436424
0,-0.7837989
0,-0.740169
0,-0.7605978
0,-0.7843037
0,-0.7497486
0,-0.7299472
0,-0.7359251
0,-0.7958413
0,-0.7820192
0,-0.8087709
0,-0.7584807
0,-0.721413
0,-0.752951
0,-0.7826891
0,-0.7458866
0,-0.7356332
0,-0.6847212
0,-0.7377113
0,-0.7544084
0,-0.7638384
0,-0.7384378
0,-0.7659476
0,-0.7383527
0,-0.7474205
0,-0.7179587
0,-0.7421335
0,-0.7635066
0,-0.7366465
0,-0.7109812
0,-0.8036209
0,-0.6833157
0,-0.6777327
0,-0.7535606
0,-0.7106961
0,-0.7774291
0,-0.6408699
0,-0.7306481
0,-0.7114807
0,-0.7226948
0,-0.7165861
0,-0.7490208
0,-0.6995512
0,-0.7704965
0,-0.7278674
0,-0.7188182
0,-0.6899868
0,-0.7800571
0,-0.6782874
0,-0.7488945
0,-0.7755614
0,-0.7247822
0,-0.7427727
0,-0.6848205
0,-0.7249597
0,-0.7373558
0,-0.723069
0,-0.7695971
0,-0.7197959
0,-0.7107663
0,-0.6311061
0,-0.705391
0,-0.7708052
0,-0.7110465
0,-0.7275147
0,-0.7111985
0,-0.7131082
0,-0.7133194
0,-0.6815335
0,-0.6055328
0,-0.7143326
0,-0.7231975
0,-0.7311133
0,-0.7450353
0,-0.7501213
0,-0.733518
0,-0.7399099
0,-0.7419801
0,-0.6653829
0,-0.7279304
0,-0.6578155
0,-0.7365676
0,-0.7665139
0,-0.7358723
0,-0.6603265
0,-0.6840239
0,-0.6130567
0,-0.8464831
0,-0.6956019
0,-0.7178174
0,-0.7508689
0,-0.7161762
0,-0.7051585
0,-0.7685279
0,-0.7284988
0,-0.7363491
0,-0.7605485
0,-0.7271369
0,-0.6952991
0,-0.7416311
0,-0.693633
0,-0.657313
0,-0.7853038
0,-0.61517
0,-0.6784799
0,-0.6937198
0,-0.723552
0,-0.6302462
0,-0.7390358
0,-0.70393
0,-0.7228345
0,-0.696381
0,-0.6867255
0,-0.6541831
0,-0.6661144
0,-0.6694572
0,-0.7002707
0,-0.7114095
0,-0.6708585
0,-0.707257
0,-0.6927526
0,-0.7094402
0,-0.7230765
0,-0.6731783
0,-0.7164097
0,-0.7402601
0,-0.7155629
0,-0.723154
0,-0.6823561
0,-0.6926384
0,-0.7103609
0,-0.6832961
0,-0.7008733
0,-0.7239886
0,-0.6666457
0,-0.7308795
0,-0.6813497
0,-0.6743352
0,-0.6437547
0,-0.6709909
0,-0.6851749
0,-0.7241988
0,-0.6264764
0,-0.5950713
0,-0.7032141
0,-0.5940541
0,-0.6897594
0,-0.6287975
0,-0.7136586
0,-0.6910939
0,-0.6171632
0,-0.6918381
0,-0.6379704
0,-0.6697286
0,-0.6990478
0,-0.6919107
0,-0.6817992
0,-0.6954172
0,-0.6885408
0,-0.6823438
0,-0.7383758
0,-0.7021449
0,-0.6634374
0,-0.7033389
0,-0.5470006
0,-0.7116206
0,-0.6741723
0,-0.679119
0,-0.6693718
0,-0.6803508
0,-0.7305525
0,-0.6640009
0,-0.6457403
0,-0.6994013
0,-0.6026624
0,-0.6690252
0,-0.6133021
0,-0.6471152
0,-0.6613679
0,-0.6765345
0,-0.5993979
0,-0.565632
0,-0.6275675
0,-0.6835446
0,-0.6917296
0,-0.6972488
0,-0.6978309
0,-0.6589445
0,-0.705108
0,-0.6624225
0,-0.6541222
0,-0.6845618
0,-0.7025664
0,-0.6623602
0,-0.6850216
0,-0.6750274
0,-0.6807888
0,-0.6959751
0,-0.6359358
0,-0.6833805
0,-0.6908546
0,-0.6607063
0,-0.6397172
0,-0.6648716
0,-0.6334437
0,-0.5914798
0,-0.5869476
0,-0.6771836
0,-0.6803026
0,-0.6412515
0,-0.6541162
0,-0.651118
0,-0.6749218
0,-0.629374
0,-0.6029236
0,-0.6705177
0,-0.6410384
0,-0.6598577
0,-0.6303334
0,-0.6704645
0,-0.6326814
0,-0.6314503
0,-0.6710654
0,-0.6555424
0,-0.6514285
0,-0.6065458
0,-0.5876278
0,-0.6703848
0,-0.6559619
0,-0.6166443
0,-0.6580296
0,-0.7153046
0,-0.6264239
0,-0.6423025
0,-0.6827582
0,-0.6588901
0,-0.6485217
0,-0.5812624
0,-0.5818858
0,-0.6268665
0,-0.6999933
0,-0.626053
0,-0.5371367
0,-0.6655114
0,-0.652335
0,-0.6562167
0,-0.6467674
0,-0.6111314
0,-0.5715204
0,-0.6430714
0,-0.6942114
0,-0.6552324
0,-0.6452327
0,-0.5915653
0,-0.6209691
0,-0.6508735
0,-0.6249581
0,-0.5575279
0,-0.6163522
0,-0.6383756
0,-0.5874734
0,-0.5947859
0,-0.6488337
0,-0.6216612
0,-0.594826
0,-0.6548196
0,-0.6378804
0,-0.6727352
0,-0.6441591
0,-0.6229314
0,-0.6185991
0,-0.6306583
0,-0.5508646
0,-0.5806128
0,-0.6337937
0,-0.5859808
0,-0.670315
0,-0.6229532
0,-0.6149933
0,-0.5927929
0,-0.6539123
0,-0.5943099
0,-0.5852708
0,-0.6138322
0,-0.6416695
0,-0.6309323
0,-0.6114464
0,-0.5903986
0,-0.6124443
0,-0.5871087
0,-0.6011881
0,-0.6078333
0,-0.6311269
0,-0.6152914
0,-0.6141331
0,-0.5855157
0,-0.6100285
0,-0.5827352
0,-0.6072319
0,-0.6087397
0,-0.5462502
0,-0.6265692
0,-0.6313269
0,-0.6116478
0,-0.5984234
0,-0.5699237
0,-0.6108872
0,-0.6212435
0,-0.594081
0,-0.6043713
0,-0.5984274
0,-0.5929205
0,-0.5575849
0,-0.6088451
0,-0.583236
0,-0.5507114
0,-0.5897921
0,-0.5731093
0,-0.6032344
0,-0.5456659
0,-0.5629883
0,-0.5814485
0,-0.5912254
0,-0.5605587
0,-0.5651337
0,-0.5851197
0,-0.5458602
0,-0.553086
0,-0.5543224
0,-0.5324912
0,-0.6122698
0,-0.564208
0,-0.5873582
0,-0.6111234
0,-0.6141398
0,-0.5817007
0,-0.5762234
0,-0.6125853
0,-0.5924711
0,-0.6039246
0,-0.5896916
0,-0.596298
0,-0.5326568
0,-0.5681821
0,-0.5675151
0,-0.5201582
0,-0.5840811
0,-0.6178921
0,-0.5614101
0,-0.5560996
0,-0.5859708
0,-0.5416142
0,-0.6044986
0,-0.5679711
0,-0.5431418
0,-0.5907852
0,-0.5534562
0,-0.5500537
0,-0.5113172
0,-0.5573863
0,-0.5542699
0,-0.70493
0,-0.5607328
0,-0.5769345
0,-0.5136511
0,-0.5673998
0,-0.5468326
0,-0.6033615
0,-0.5758707
0,-0.5403224
0,-0.5466328
0,-0.5637246
0,-0.4504975
0,-0.5492759
0,-0.5689974
0,-0.593304
0,-0.5468737
0,-0.5350702
0,-0.56092
0,-0.5131659
0,-0.5714619
0,-0.5036494
0,-0.5369452
0,-0.5327132
0,-0.5463558
0,-0.5308386
0,-0.5221994
0,-0.4863783
0,-0.569432
0,-0.4318081
0,-0.5243616
0,-0.5552641
0,-0.5731594
0,-0.5966944
0,-0.5585932
0,-0.5370076
0,-0.5390687
0,-0.5016069
0,-0.5443171
0,-0.5437512
0,-0.5173528
0,-0.4970444
0,-0.5241674
0,-0.4742056
0,-0.5048075
0,-0.5462728
0,-0.4805863
0,-0.5008848
0,-0.5233886
0,-0.5503354
0,-0.5133461
0,-0.5249336
0,-0.4836355
0,-0.4986226
0,-0.4801926
0,-0.5352343
0,-0.4438669
0,-0.5267994
0,-0.659061
0,-0.497519
0,-0.5111636
0,-0.5384779
0,-0.5068354
0,-0.4613506
0,-0.4596916
0,-0.4562682
0,-0.4246668
0,-0.5069015
0,-0.5204404
0,-0.4966391
0,-0.513951
0,-0.5074025
0,-0.5448544
0,-0.5065446
0,-0.4664763
0,-0.5231407
0,-0.4958237
0,-0.4870222
0,-0.5266587
0,-0.4893364
0,-0.4690706
0,-0.5043432
0,-0.6438418
0,-0.5240658
0,-0.4650075
0,-0.5029938
0,-0.4249271
0,-0.457812
0,-0.4894006
0,-0.5464682
0,-0.5324011
0,-0.4954195
0,-0.4501714
0,-0.5290009
0,-0.4894359
0,-0.3775156
0,-0.5189044
0,-0.4699621
0,-0.5307072
0,-0.5133512
0,-0.4210485
0,-0.5063494
0,-0.4567586
0,-0.4666446
0,-0.4800065
0,-0.4173738
0,-0.4591934
0,-0.4769885
0,-0.4962369
0,-0.5221273
0,-0.4437606
0,-0.5079672
0,-0.4582439
0,-0.4892654
0,-0.4576076
0,-0.5105386
0,-0.4716457
0,-0.4010948
0,-0.4342263
0,-0.4322158
0,-0.4418065
0,-0.4357894
0,-0.4144435
0,-0.4286792
0,-0.3449334
0,-0.4317262
0,-0.4085679
0,-0.3556095
0,-0.4185502
0,-0.3695867
0,-0.3997935
0,-0.4239657
0,-0.3797155
0,-0.4073277
0,-0.407437
0,-0.3625955
0,-0.3995607
0,-0.4014423
0,-0.4180096
0,-0.4642991
0,-0.4010872
0,-0.3579707
0,-0.3304877
0,-0.44829
0,-0.407233
0,-0.3622979
0,-0.4498387
0,-0.3909907
0,-0.392089
0,-0.410478
0,-0.3565053
0,-0.3587661
0,-0.3648503
0,-0.408237
0,-0.417353
0,-0.3229944
0,-0.3319767
0,-0.3597638
0,-0.364913
0,-0.3737991
0,-0.3973971
0,-0.362239
0,-0.4091642
0,-0.3575915
0,-0.2769668
0,-0.3736578
0,-0.3648249
0,-0.4045539
0,-0.3234572
0,-0.3317048
0,-0.3080361
0,-0.2997381
0,-0.2827744
0,-0.323545
0,-0.3170756
0,-0.3096386
0,-0.3052146
0,-0.3293822
0,-0.277398
0,-0.3979989
0,-0.2249257
0,-0.2273548
0,-0.3314756
0,-0.2479336
0,-0.2978825
0,-0.2827643
0,-0.2614868
0,-0.2226005
0,-0.2082622
0,-0.2365243
0,-0.2638935
0,-0.0971343
0,-0.1872466
0,-0.2178635
0,-0.2282548
0,-0.174053
0,-0.2549693
0,-0.1845012
0,-0.1709138
0,-0.1148881
0,-0.2635667
0,-0.2911492
0,-0.1779876
0,-0.1435637
0,-0.0295867
0,-0.1326371
0,-0.1196921
0,-0.1430197
0,-0.1799741
0,-0.1466934
0,-0.0776613
0,-0.0800227
0,-0.0929442
0,-0.0660221
0,-0.0537526
0,-0.0217409
0,-0.0195463
0,0.0267314
0,0.0699076
0,0.0955894
0,0.0978048
0,0.1540919
0,0.2876105
0,0.3073667
0,0.278414
0,0.2996977
0,1.038291
1,-1.200004
1,-0.75653
1,0.2275367
1,-0.3834374
1,0.1080261
1,0.2562166
1,-0.0989924
1,-0.0460364
1,-0.2484504
1,-0.2378321
1,0.0571423
1,-0.3462567
1,-0.1107852
1,-0.1970491
1,-0.1658898
1,-0.410163
1,-0.2840533
1,0.4664213
1,-0.3001569
1,-0.216816
1,-0.5653198
1,-0.1018683
1,0.3024137
1,-0.094197
1,-0.2198257
0,1.38906
1,-0.1496748
1,0.0437214
1,-0.1705251
1,-0.0697879
1,-0.1172355
1,-0.1387266
1,0.0245815
1,-0.1500027
1,-0.1225509
1,-0.0467347
1,-0.0072747
1,-0.0597389
1,-0.0600157
1,0.1148475
1,0.1059861
1,0.0340023
1,0.1510884
1,-0.0476533
1,-0.0262415
1,-0.0046742
1,-0.0753343
1,0.0495783
1,0.3502768
1,-0.1389942
1,-0.2307673
1,-0.136198
1,0.4711709
1,-0.2143508
1,-0.4133574
1,0.1518562
1,0.2163054
1,0.239258
1,0.0857237
1,0.0196571
1,-0.3869427
1,-0.0258772
1,0.1382239
1,-0.0103921
1,0.0446482
1,-0.1386353
1,0.0779277
1,-0.0903019
1,-0.0078219
1,0.1018014
1,0.1426841
1,-0.1942268
1,-0.3042251
1,0.2384402
1,-0.2217146
1,-0.1902051
1,0.1594046
1,0.2360706
1,-0.0481346
1,0.0602216
1,0.1564945
1,0.0806195
1,0.1017648
1,0.5507665
1,0.6013204
1,0.2397745
1,0.2505899
1,0.1379511
1,0.0293492
1,0.1594511
1,0.3631979
1,0.0143326
1,0.0883874
1,0.1374142
1,-0.0807971
1,-0.0343193
1,0.3826089
1,0.5816139
1,-0.0487939
1,0.3295395
1,0.0619636
1,-0.4181671
1,0.0316658
1,-0.298345
1,0.5621286
1,0.2737072
1,0.652065
1,-0.0584385
1,0.5805416
1,0.2598927
1,0.2158927
1,0.0331754
1,0.0856502
1,-0.2705392
1,0.2474249
1,0.6161688
1,0.0356628
1,0.1877083
1,0.4631923
1,0.117265
1,0.1167404
1,0.0633788
1,0.0921627
1,0.1881402
1,0.1068336
1,0.1523524
1,0.1639997
1,0.1302549
1,0.2902125
1,0.1026617
1,0.165219
1,0.1328247
1,0.317831
1,0.3266681
1,0.1368377
1,-0.2703907
1,-0.3031565
1,0.0976318
1,0.2184839
1,0.0756768
1,0.0741299
1,0.3013964
1,0.0378275
1,0.3130861
1,0.0974657
1,0.1302309
1,0.1602438
1,0.6900567
1,0.1805346
1,0.0822775
1,0.1764866
1,0.3136089
1,0.0817607
1,0.0932542
1,0.2595155
1,0.4643573
1,0.0631112
1,0.1712741
1,0.2845031
1,0.0185181
1,0.2030779
1,0.2077773
1,0.4296905
1,0.2013115
1,0.2637953
1,0.1683404
1,0.4724605
1,0.264047
1,0.2182781
1,0.4021324
1,0.1350255
1,0.2821249
1,0.09245
1,0.3956207
1,0.1889883
1,0.488898
1,0.3195952
1,0.2543082
1,0.1838913
1,0.4689366
1,0.2093795
1,0.2063798
1,0.1635347
1,0.0448179
1,0.3278648
1,0.3808707
1,0.1671775
1,0.3893815
1,0.1489575
1,0.2634576
1,0.2102492
1,0.3565323
1,0.2543442
1,0.4563113
1,0.2053493
1,0.4170202
1,-0.6307878
1,0.2692739
1,0.2329731
1,0.198297
1,0.1622417
1,0.3929537
1,0.2009965
1,0.327008
1,0.4401663
1,0.1459076
1,0.1907928
1,0.3490054
1,0.1668257
1,0.3284402
1,0.2725722
1,0.2213961
1,0.4131299
1,0.2387214
1,0.0925821
1,0.3136322
1,0.5443741
1,0.3960859
1,0.209713
1,0.2836884
1,0.461321
1,0.0672206
1,0.3443242
1,0.2093684
1,0.2720483
1,0.657911
1,0.1281763
1,0.3748589
1,0.2170601
1,0.3058577
1,0.3385896
1,0.2887453
1,0.2918436
1,-0.0474134
1,0.1242474
1,0.318704
1,0.570626
1,0.4139952
1,0.3928555
1,0.272011
1,0.1933113
1,0.1327176
1,0.4492526
1,0.1533672
1,0.0434764
1,0.2197905
1,0.2275658
1,0.0682114
1,0.2710329
1,0.520374
1,0.5521719
1,0.2469997
1,0.1398638
1,0.4623696
1,0.4289408
1,0.2238695
1,0.2695002
1,0.5885212
1,0.1553193
1,0.2251544
1,0.2070827
1,0.5513377
1,0.0842113
1,0.2535345
1,0.0858454
1,0.166433
1,0.2260053
1,-0.1160463
1,0.1190913
1,0.3413182
1,0.1810397
1,0.4518543
1,0.415052
1,0.1130266
1,0.1449109
1,0.1907916
1,0.2003626
1,0.3107004
1,0.1643679
1,0.4468878
1,0.509225
1,0.2696579
1,0.2292071
1,0.389713
1,0.1949205
1,0.1910034
1,0.2403981
1,0.3306581
1,0.2584093
1,0.2091101
1,0.1442949
1,-0.4183661
1,0.4948721
1,0.4700659
1,0.134448
1,0.2616817
1,0.5373233
1,0.3145572
1,0.2284603
1,-0.0330752
1,0.1780527
1,0.3969065
1,0.2439096
1,0.4015739
1,0.2418201
1,0.6041273
1,0.495276
1,0.4242736
1,0.2557652
1,0.2664322
1,0.4013064
1,0.1384995
1,0.3808902
1,0.3998505
1,0.2403124
1,0.0828261
1,0.4899529
1,0.2512836
1,0.4759087
1,0.4117862
1,0.4237176
1,0.4124712
1,0.3901936
1,0.2669753
1,0.4631157
1,0.3756154
1,-0.0537547
1,0.3504222
1,0.4260793
1,0.3583292
1,0.1671641
1,0.4413637
1,-0.1278142
1,0.5058751
1,0.2019926
1,-0.1620116
1,0.4555202
1,0.1764511
1,0.1916947
1,0.4138139
1,0.2282729
1,0.533208
1,0.5016376
1,0.6080091
1,0.1794106
1,0.3275246
1,0.3462655
1,0.3472414
1,0.0929521
1,0.4015043
1,0.3997866
1,0.3034926
1,0.2682671
1,0.2395084
1,0.355487
1,0.5239576
1,0.2502724
1,0.3288328
1,0.2625945
1,0.348051
1,0.2603837
1,0.3507965
1,0.4523714
1,0.4601854
1,0.2751307
1,0.1644564
1,0.411584
1,0.5977515
1,0.2478301
1,0.2880848
1,0.2554329
1,0.2107411
1,0.2525089
1,0.2706229
1,0.3723496
1,0.3697708
1,0.8078245
1,0.3707528
1,0.1721227
1,0.5252825
1,0.4984989
1,0.214797
1,0.4460732
1,0.5547417
1,0.3028855
1,0.3023709
1,0.4165876
1,0.2568955
1,0.5399808
1,0.6711006
1,0.455357
1,0.3398933
1,0.4180613
1,0.4819736
1,0.50499
1,0.4877578
1,0.3808059
1,0.1456089
1,0.2018995
1,0.3156785
1,0.3305304
1,0.5445793
1,0.7189527
1,0.4444377
1,0.2807393
1,0.2829156
1,0.2940821
1,0.6739692
1,0.3441645
1,0.2073066
1,-0.4913082
1,0.2014696
1,0.5003087
1,0.3420973
1,0.5462623
1,0.3220351
1,0.1194084
1,0.2020587
1,0.3233146
1,0.2120568
1,0.3938978
1,0.7806844
1,0.3401883
1,0.2566632
1,0.2149955
1,0.2885622
1,0.4831122
1,0.3091304
1,0.2558355
1,0.1542862
1,0.0570255
1,0.0668557
1,0.1167957
1,0.5069066
1,0.5254535
1,0.2549991
1,0.3697645
1,0.4248251
1,0.3043287
1,0.371398
1,0.3079886
1,0.264381
1,-0.3161058
1,0.6117521
1,0.386813
1,0.4304488
1,0.354382
1,0.4487749
1,0.5883883
1,0.479568
1,0.545639
1,0.406297
1,0.4274725
1,0.476771
1,0.5557709
1,0.3406579
1,0.4853423
1,0.4861524
1,0.2284635
1,0.3898019
1,0.4836048
1,0.502616
1,0.1767252
1,0.3133467
1,0.2733445
1,0.3687319
1,0.3236739
1,0.5442376
1,0.4666689
1,0.0722163
1,0.6026263
1,0.450634
1,0.4150229
1,0.5075121
1,0.378788
1,0.6184219
1,0.4316849
1,0.3982922
1,0.4545042
1,0.4100375
1,0.4032186
1,0.6950763
1,0.2104948
1,0.3869326
1,0.3557965
1,0.3582772
1,0.4671218
1,0.4189641
1,0.4978187
1,0.2260721
1,0.306545
1,0.3110007
1,0.5978161
1,0.712366
1,0.504134
1,0.6560404
1,0.4527792
1,0.4858762
1,0.1914381
1,0.4004314
1,0.5735018
1,0.2092151
1,0.5344901
1,0.5718293
1,0.3572101
1,0.3606793
1,0.5416931
1,0.5148537
1,0.5321826
1,0.3383561
1,0.5026395
1,0.5447367
1,0.3485849
1,0.5986444
1,0.4022541
1,0.7091408
1,0.4286641
1,0.3021885
1,0.4029784
1,0.612359
1,0.5136952
1,0.4905016
1,0.1762989
1,0.4179196
1,0.5070211
1,0.5342166
1,0.2487199
1,0.5752086
1,0.40184
1,0.1488124
1,0.2392642
1,0.2553784
1,0.284817
1,0.3589898
1,0.3737333
1,0.6297811
1,0.3781296
1,0.5280765
1,0.5235087
1,0.467566
1,0.7709675
1,-0.009326
1,0.6050869
1,0.640478
1,0.3397781
1,0.5693533
1,0.2503956
1,0.589137
1,0.5651853
1,0.3019647
1,0.5789449
1,0.511685
1,0.5085844
1,0.573481
1,0.7686136
1,0.4074402
1,0.746536
1,0.5651157
1,0.3793095
1,0.7634212
1,0.5838946
1,0.3631519
1,0.5052541
1,0.5529441
1,0.1251387
1,0.4071847
1,0.379855
1,0.4697412
1,0.5232176
1,0.3380729
1,0.4361899
1,0.3427222
1,0.3768364
1,0.1909953
1,0.5680651
1,0.5488358
1,0.6662572
1,0.5589316
1,0.638694
1,0.5713078
1,0.2799904
1,0.7100723
1,0.6344851
1,0.3239044
1,0.4142337
1,0.4484867
1,0.4209351
1,0.8000353
1,0.4212699
1,0.5629125
1,0.742204
1,0.6270396
1,0.5872186
1,0.4318633
1,0.2827041
1,0.6641648
1,0.4092335
1,0.6786258
1,0.7876406
1,0.3173322
1,0.2595685
1,0.4768878
1,0.5736516
1,0.5576151
1,0.2824169
1,0.3671735
1,0.529762
1,0.6259748
1,0.2653455
1,0.0657399
1,0.563795
1,0.076094
1,0.4691911
1,0.518289
1,0.5912354
1,0.4579342
1,0.4608606
1,0.5799865
1,0.5635573
1,0.3483842
1,0.3732929
1,0.5550009
1,0.6276761
1,0.300454
1,0.5479838
1,0.5487306
1,0.3869482
1,0.8781093
1,0.6551528
1,0.3841022
1,0.490261
1,0.3509766
1,0.3497224
1,0.6782479
1,0.403832
1,0.4033165
1,0.51551
1,0.534349
1,0.5618445
1,0.5590016
1,0.526547
1,0.602567
1,0.6442022
1,0.4355279
1,0.5874761
1,0.4344442
1,0.670692
1,0.5505319
1,0.7226661
1,0.3434779
1,0.4808447
1,0.595983
1,0.5715152
1,0.5292956
1,0.5924329
1,0.3397917
1,0.3435149
1,0.628203
1,0.773391
1,0.5930985
1,0.4231909
1,0.2664865
1,0.3406491
1,0.4241521
1,0.6247067
1,0.3232075
1,0.7159876
1,0.5966827
1,0.5212727
1,0.5231677
1,0.5293434
1,0.7313051
1,0.5169988
1,0.4365108
1,0.4412987
1,0.5927528
1,0.5068941
1,0.6317142
1,0.3691649
1,0.618741
1,0.5898376
1,0.2547032
1,0.519288
1,0.836876
1,0.5401688
1,0.3594258
1,0.1469428
1,0.3640656
1,0.6508694
1,0.5218171
1,0.5653858
1,0.5559208
1,0.3997054
1,0.6589956
1,0.4240095
1,0.6195232
1,0.5887038
1,0.6908581
1,0.4972009
1,0.5635139
1,0.6022111
1,0.3490351
1,0.6496677
1,0.5972083
1,0.649398
1,0.5478044
1,0.3025121
1,0.4875345
1,0.6666575
1,0.8041714
1,0.2715642
1,0.3311219
1,0.5733831
1,0.3141174
1,0.4839007
1,0.6488128
1,0.1301389
1,0.7981477
1,0.2491521
1,0.3581259
1,0.5927364
1,0.5139719
1,0.6494443
1,0.5233745
1,0.6174452
1,0.3066378
1,0.6753805
1,0.4649898
1,0.5786157
1,0.7172868
1,0.6824026
1,0.7750123
1,0.3922855
1,0.5993972
1,0.3503551
1,0.7332271
1,0.5069847
1,0.6025393
1,0.6751885
1,0.728372
1,0.4235125
1,0.5039268
1,0.7193872
1,0.6626314
1,0.4754037
1,0.4322973
1,0.4609611
1,0.6981698
1,0.4218484
1,0.5250421
1,0.4059815
1,0.5855073
1,0.5117105
1,0.5566208
1,0.1456571
1,0.7437773
1,0.3586027
1,0.6981458
1,0.8221887
1,0.409203
1,0.5295282
1,0.7423471
1,0.5475543
1,0.8528962
1,0.4989344
1,0.606644
1,0.6261677
1,0.5965959
1,0.9083393
1,0.534538
1,0.8009467
1,0.7239785
1,0.6297175
1,0.5463017
1,0.6230528
1,0.5950069
1,0.516638
1,0.648234
1,0.7194667
1,0.5858663
1,0.6305979
1,0.5508762
1,0.7926764
1,0.4148661
1,0.6209077
1,0.7415922
1,0.5636829
1,0.6414404
1,0.1936567
1,0.7760878
1,0.6191015
1,0.5969038
1,0.649533
1,0.7360916
1,0.4046129
1,0.7433858
1,0.5208974
1,0.4572837
1,0.4871497
1,0.6363521
1,0.4980951
1,0.5497068
1,0.4912896
1,0.5038702
1,0.3144663
1,0.703162
1,0.804949
1,0.6143826
1,0.5353152
1,0.5487713
1,0.728255
1,0.3516498
1,0.4828102
1,0.7032442
1,0.4468335
1,0.5385159
1,0.3623957
1,0.5776123
1,0.6641402
1,0.5205207
1,0.5043023
1,0.5328485
1,0.6492859
1,0.4859554
1,0.4717507
1,0.4325688
1,0.7692274
1,0.654424
1,0.6013008
1,0.4283997
1,0.5735375
1,0.5739263
1,0.6478677
1,0.6841066
1,0.410577
1,0.4970142
1,0.4230317
1,0.4779867
1,0.6438241
1,0.2323675
1,0.6354487
1,0.4632486
1,0.4897406
1,0.4874501
1,0.7103047
1,0.3456784
1,1.02892
1,0.6677833
1,0.6360555
1,0.46903
1,0.1597854
1,0.4163902
1,0.5288479
1,0.5135166
1,0.57451
1,0.6320291
1,0.6796492
1,0.3712512
1,0.4628239
1,0.2901128
1,0.6153524
1,0.7132185
1,0.4853308
1,0.6067961
1,0.5678319
1,0.5886549
1,0.5280804
1,0.6506348
1,0.4402757
1,0.9038717
1,0.6474662
1,0.607437
1,0.5541894
1,0.7074871
1,0.3804446
1,0.7092839
1,0.5980989
1,0.6661673
1,0.6986993
1,0.8110391
1,0.7267401
1,0.6057361
1,0.5807002
1,0.4622966
1,0.4033611
1,0.6103201
1,0.7068881
1,0.3686796
1,0.4671539
1,0.7730781
1,0.5126812
1,0.6128682
1,0.6375493
1,0.5391728
1,0.5540273
1,0.6974586
1,0.6996268
1,0.6138817
1,0.7941235
1,0.6616094
1,0.7723094
1,0.3666126
1,0.6431202
1,0.437748
1,0.6494346
1,0.7375855
1,0.6485799
1,0.7495717
1,0.6381047
1,0.4642568
1,0.4429202
1,0.5926772
1,0.6916737
1,0.5509996
1,0.6738852
1,0.7375588
1,0.6942175
1,0.5718388
1,0.745867
1,0.6655042
1,0.6640155
1,0.6040856
1,0.815588
1,0.3777558
1,0.7508947
1,0.6644592
1,0.6698481
1,0.8049752
1,0.7664322
1,0.9071221
1,0.588834
1,0.626826
1,0.8102246
1,0.475486
1,0.1985202
1,0.3680803
1,0.7585492
1,0.6211172
1,0.6279067
1,0.818457
1,0.7179651
1,0.7521669
1,0.7673377
1,0.5834429
1,0.5685138
1,0.6525695
1,0.7423587
1,0.9324225
1,0.7775722
1,0.8275705
1,0.8574898
1,0.8425385
1,0.5485678
1,0.5041391
1,0.6885529
1,0.6862168
1,0.6317741
1,1.008509
1,0.7290268
1,0.7337628
1,0.5527839
1,0.6046218
1,0.6552049
1,0.6714004
1,0.5929688
1,0.5449203
1,0.6431139
1,0.9184498
1,0.4487553
1,0.723409
1,0.6727657
1,0.7757084
1,0.5431538
1,0.5027265
1,0.664301
1,0.7476599
1,0.7942907
1,0.5222714
1,0.421436
1,0.6044387
1,0.9407067
1,0.1165454
1,0.712065
1,0.6121181
1,0.4403313
1,0.7076619
1,0.7384438
1,0.4952289
1,0.9527804
1,0.6598267
1,0.9199319
1,0.8076457
1,0.6037489
1,0.4779224
1,0.1334063
1,0.404926
1,0.6045323
1,0.7503829
1,0.5993309
1,0.5550438
1,0.5023589
1,0.5081339
1,0.8262161
1,0.6120139
1,0.5020907
1,0.7372715
1,0.4335248
1,0.5972707
1,0.7243581
1,0.5853039
1,0.3001145
1,0.4825239
1,0.5695083
1,0.3366751
1,0.7128127
1,0.5987049
1,0.8168875
1,0.7648117
1,0.6753718
1,0.6367806
1,0.824164
1,0.5617779
1,0.8950731
1,0.7998421
1,0.7268895
1,0.5159224
1,0.7314962
1,0.5300368
1,0.7318016
1,0.6828163
1,0.817681
1,1.167323
1,0.6363961
1,0.5853418
1,0.6901531
1,0.936439
1,0.6846743
1,0.855639
1,0.5340113
1,0.6529173
1,0.5751088
1,0.5984946
1,0.8242354
1,0.4867134
1,0.8454823
1,0.7335523
1,0.3595059
1,0.8625073
1,0.5932273
1,0.646364
1,0.4100606
1,0.8267401
1,0.6227227
1,0.6379693
1,0.6212789
1,0.4815925
1,0.5681548
1,0.6279252
1,0.4583465
1,0.6716398
1,0.6589617
1,0.808014
1,0.1996489
1,0.9080369
1,0.5604748
1,0.8329497
1,0.8273255
1,0.6313877
1,0.948991
1,0.7685838
1,0.6968334
1,0.6913539
1,0.8872311
1,0.9250298
1,0.6067755
1,0.7033718
1,0.9945945
1,0.8544343
1,0.9876571
1,0.3985928
1,0.6701723
1,0.7736454
1,0.5361627
1,0.8277175
1,0.7155281
1,0.697513
1,0.7652478
1,0.8257779
1,0.5608747
1,0.4538648
1,0.680898
1,0.5096363
1,0.8227104
1,0.6665615
1,0.5789309
1,0.9148958
1,0.6587898
1,0.822057
1,0.6380124
1,0.9038897
1,0.7140344
1,0.45184
1,0.7386818
1,1.056043
1,0.6787497
1,0.767109
1,0.9780098
1,0.5998696
1,0.9128385
1,0.6071938
1,0.5241863
1,0.6327607
1,0.8661397
1,0.6522762
1,0.6197286
1,0.3047406
1,0.7947007
1,0.9318744
1,0.7427523
1,0.8492857
1,0.8892412
1,0.6733935
1,0.8674333
1,0.7571492
1,0.7918134
1,0.6034285
1,0.8649404
1,0.6145153
1,0.4932719
1,1.020697
1,0.50598
1,0.9386798
1,0.9052474
1,0.6666405
1,0.8378907
1,0.7659462
1,0.7147149
1,0.612868
1,0.9285341
1,0.8677713
1,0.8988303
1,0.7738459
1,0.7832802
1,0.8499961
1,0.7281503
1,0.4702402
1,0.7456146
1,0.8144694
1,0.5693458
1,0.8238651
1,0.0249182
1,0.7280678
1,0.8479305
1,0.971234
1,0.5155775
1,0.8070848
1,0.3376473
1,0.8585647
1,0.6244389
1,0.5861465
1,1.044562
1,0.7614332
1,0.7782641
1,1.068745
1,0.9146982
1,0.9075842
1,0.9500139
1,0.8108765
1,0.7041221
1,0.6351016
1,0.8375272
1,0.7346092
1,0.7620525
1,0.9095774
1,0.6544564
1,1.258112
1,0.5395281
1,0.7750526
1,0.7646013
1,0.7745493
1,0.7862904
1,0.8098243
1,1.038505
1,0.8048002
1,0.7784675
1,0.3914397
1,0.9060349
1,1.010227
1,0.6340377
1,0.7032785
1,0.811384
1,0.8999102
1,0.4800945
1,0.8685359
1,0.8218408
1,0.7226297
1,0.6605753
1,0.7603757
1,0.8170794
1,0.8084165
1,1.031528
1,0.6425817
1,0.8723294
1,0.7823367
1,0.809663
1,0.5394879
1,0.8739889
1,0.7618625
1,0.8371046
1,0.7887866
1,0.7140391
1,1.040738
1,0.3674709
1,0.5624368
1,0.6451412
1,0.8658837
1,0.8252857
1,0.9821987
1,0.7955267
1,1.012728
1,0.9615113
1,0.9444801
1,0.571737
1,0.6292242
1,0.6987876
1,1.143103
1,0.9661748
1,1.109855
1,0.795209
1,0.76236
1,0.9688778
1,0.8536229
1,1.138237
1,0.7380229
1,0.5802253
1,0.483466
1,0.7864761
1,0.8908345
1,0.4569192
1,0.4864252
1,0.8401349
1,0.8689455
1,0.7357122
1,0.845663
1,0.5708622
1,0.8467196
1,0.6015211
1,0.817887
1,0.72481
1,0.5736296
1,0.8740233
1,0.6694089
1,0.6899718
1,0.8236059
1,1.005731
1,0.8700942
1,0.6645856
1,0.8911475
1,0.4990138
1,0.9589372
1,1.013885
1,0.6945809
1,0.8546073
1,0.9000916
1,0.8195018
1,0.8199345
1,0.8474749
1,0.8594888
1,1.069082
1,0.739094
1,0.9213168
1,1.03769
1,0.6328706
1,0.73257
1,0.9069939
1,0.8685685
1,0.7371249
1,0.8857184
1,0.5530311
1,0.6055834
1,0.8816629
1,0.9887766
1,0.7376208
1,1.004917
1,0.6978303
1,0.8721172
1,0.7490177
1,0.9995284
1,1.050927
1,0.3936791
1,0.9630361
1,1.053356
1,0.7594014
1,0.6408601
1,1.134304
1,1.013047
1,0.7475607
1,0.8647578
1,0.5692565
1,1.062872
1,0.816476
1,0.6607836
1,1.177533
1,1.094705
1,1.103351
1,0.8929973
1,0.8846596
1,0.7349424
1,0.7206699
1,0.9119076
1,0.8461652
1,0.9943553
1,1.203087
1,0.4168471
1,1.337021
1,1.253665
1,0.14738
1,1.184252
1,0.9424405
1,0.8702556
1,1.011309
1,1.093614
1,0.7312807
1,0.7510365
1,1.108476
1,0.7983624
1,0.7327124
1,0.840932
1,0.9793012
1,1.243689
1,0.6808557
1,1.018642
1,0.6611116
1,1.11507
1,0.9544098
1,0.6310146
1,0.5566105
1,0.7077217
1,1.074659
1,0.8297274
1,0.8971359
1,1.054279
1,1.12524
1,1.033617
1,0.9255292
1,0.7920086
1,0.7507023
1,0.8888426
1,0.955836
1,0.9636167
1,0.9862844
1,0.8174116
1,1.101498
1,0.8803677
1,0.863574
1,1.028624
1,0.7820892
1,0.9370211
1,0.9498874
1,0.8694046
1,1.04522
1,1.033401
1,0.8901498
1,1.306135
1,0.7021778
1,0.7550386
1,0.6031588
1,0.8883738
1,1.03965
1,0.8190599
1,0.791949
1,0.9962366
1,1.031132
1,0.6239865
1,0.7107528
1,1.038331
1,0.6844777
1,0.8077666
1,0.7707158
1,1.0072
1,0.1426124
1,0.9975515
1,0.9208652
1,0.7428913
1,0.9840552
1,0.8416677
1,0.7079203
1,1.00006
1,0.9722698
1,0.8883427
1,0.9461966
1,1.000352
1,0.9092898
1,0.959222
1,0.7762925
1,0.7493199
1,0.9161858
1,1.152667
1,1.159993
1,0.677344
1,1.118108
1,1.293501
1,0.8120437
1,0.7173949
1,1.095613
1,0.8205204
1,0.7833917
1,0.3045956
1,1.097755
1,0.900558
1,0.8896038
1,0.8523297
1,1.212805
1,0.8382992
1,0.918172
1,0.9322819
1,0.9354674
1,0.6788481
1,1.172674
1,0.8770117
1,0.9345649
1,0.9306139
1,0.9509085
1,0.9595267
1,0.6247324
1,1.012926
1,0.9458941
1,1.204653
1,0.8626321
1,0.6983751
1,0.60409
1,0.9163116
1,0.9970952
1,0.9886565
1,1.001871
1,1.299555
1,1.129522
1,1.057261
1,0.8085796
1,1.116866
1,1.149896
1,1.084448
1,0.9267181
1,0.7886065
1,1.135932
1,1.256439
1,0.9898522
1,0.720946
1,0.8941588
1,0.9375694
1,1.154266
1,0.8766358
1,0.8301591
1,1.188176
1,1.20623
1,1.153454
1,0.9746711
1,0.9757774
1,1.210522
1,0.8734145
1,1.172605
1,0.9942682
1,0.7919893
1,0.9370956
1,1.096565
1,1.083287
1,1.257647
1,1.020104
1,0.8966493
1,0.9982998
1,0.8768408
1,0.9292243
1,0.9472727
1,1.004887
1,1.274602
1,1.0396
1,1.217435
1,1.262313
1,0.8170999
1,0.9601035
1,1.305262
1,0.7748362
1,0.5226889
1,0.7129639
1,1.445938
1,0.8859967
1,1.015059
1,0.9339124
1,1.087507
1,0.5905526
1,1.219402
1,0.4681651
1,1.256343
1,0.9340571
1,1.058439
1,0.7708723
1,1.13789
1,1.321039
1,0.9179372
1,1.070843
1,0.651516
1,1.092138
1,0.9995334
1,1.237068
1,0.4161583
1,0.9408569
1,0.6786308
1,0.8132207
1,0.6289493
1,1.423493
1,1.261595
1,1.171716
1,1.066144
1,1.240047
1,0.8877836
1,0.600082
1,1.36354
1,1.062895
1,1.337298
1,0.9744964
1,1.235013
1,1.257213
1,1.119163
1,1.282469
1,1.09173
1,0.6144638
1,1.092451
1,1.375458
1,0.9557961
1,0.8875378
1,1.28571
1,0.8664615
1,0.9434065
1,1.225768
1,1.351358
1,0.7996645
1,1.089311
1,1.209475
1,1.242281
1,1.243361
1,0.9162366
1,1.28286
1,1.107147
1,1.33846
1,1.080721
1,1.165929
1,1.005054
1,1.299015
1,1.438567
1,1.323232
1,1.015334
1,1.217264
1,1.034318
1,1.132449
1,1.408228
1,1.171006
1,1.158032
1,1.123979
1,0.7617027
1,0.8011784
1,1.118181
1,0.8858644
1,0.9791851
1,1.143504
1,1.170567
1,0.6783203
1,0.4711488
1,1.318489
1,0.5437534
1,1.221995
1,1.307607
1,1.234763
1,1.135956
1,1.168683
1,1.174337
1,0.9964836
1,0.9520432
1,1.254249
1,0.6295177
1,0.4828312
1,1.170092
1,1.341431
1,1.280338
1,1.010063
1,1.324033
1,1.072779
1,1.19479
1,0.9577366
1,1.20574
1,1.385813
1,1.034638
1,1.161077
1,0.9592407
1,1.193428
1,1.259145
1,0.7486486
1,1.200337
1,0.9563485
1,0.2663842
1,1.290516
1,1.025632
1,1.388817
1,1.15446
1,0.9914981
1,1.360766
1,1.287652
1,1.432186
1,1.19661
1,1.2004
1,1.459729
1,1.16877
1,1.513404
1,1.279433
1,0.8455092
1,1.209439
1,0.7808862
1,1.533846
1,1.231472
1,1.057044
1,1.022642
1,1.19777
1,1.267552
1,1.260475
1,1.239751
1,0.8397213
1,0.9208028
1,0.8716667
1,1.127782
1,0.4733289
1,1.429539
1,1.35894
1,1.237658
1,0.5984763
1,1.503692
1,1.119965
1,1.233886
1,0.903326
1,1.186685
1,1.211398
1,1.188251
1,0.8782619
1,1.107683
1,1.323932
1,0.9823242
1,0.8043429
1,1.007466
1,1.181445
1,1.215908
1,1.140815
1,1.346038
1,0.9252728
1,1.434606
1,1.11996
1,1.23443
1,1.483354
1,1.491089
1,1.437152
1,1.637437
1,1.562261
1,1.247485
1,1.319256
1,1.39117
1,1.019299
1,1.461127
1,0.6673043
1,1.318917
1,1.250383
1,1.136815
1,1.071534
1,0.9925346
1,1.533193
1,1.327511
1,1.343502
1,0.9835662
1,1.668939
1,1.380282
1,1.279211
1,1.425606
1,0.6015603
1,1.359372
1,1.655605
1,0.9956496
1,1.400758
1,0.9137722
1,1.3746
1,1.229872
1,1.33734
1,1.613485
1,1.470454
1,1.425647
1,1.233504
1,1.715387
1,1.225011
1,1.510569
1,1.449952
1,1.527387
1,1.40634
1,1.072538
1,1.32789
1,1.169268
1,1.584141
1,0.648717
1,1.278852
1,1.618719
1,1.44021
1,1.498575
1,1.588157
1,1.55231
1,1.323717
1,1.372225
1,1.550275
1,1.551973
1,1.456995
1,1.481436
1,1.11542
1,1.387607
1,1.442165
1,0.8991426
1,1.662645
1,1.779029
1,1.249504
1,1.680987
1,1.255417
1,1.196945
1,1.011536
1,1.327821
1,1.299799
1,1.301555
1,1.114065
1,0.7715331
1,1.709383
1,0.8599098
1,0.6902281
1,1.611595
1,1.13986
1,0.9164303
1,0.8398417
1,1.36074
1,1.694787
1,1.675436
1,1.589059
1,1.138638
1,1.67152
1,1.478861
1,1.076499
1,1.380215
1,1.5682
1,1.405787
1,1.206355
1,1.539113
1,1.107776
1,1.656206
1,0.6645169
1,1.05969
1,1.658241
1,1.670938
1,1.803123
1,0.9363825
1,0.8702949
1,1.184161
1,1.800533
1,1.822054
1,1.118656
1,1.395882
1,1.583982
1,1.599237
1,1.04686
1,1.50004
1,1.480458
1,1.693249
1,2.087181
1,1.586547
1,1.514648
1,1.124206
1,1.929763
1,1.098905
1,1.482379
1,0.7338231
1,1.555291
1,1.660138
1,1.364176
1,1.609108
1,1.365672
1,1.744601
1,1.758677
1,0.9465906
1,1.11435
1,1.497816
1,1.498095
1,1.707012
1,1.946462
1,0.8427351
1,1.504871
1,1.353847
1,1.256176
1,1.765821
1,1.594092
1,1.648366
1,1.103974
1,1.483156
1,1.156648
1,1.290759
1,1.664342
1,1.664134
1,1.550852
1,1.682042
1,1.647219
1,1.583903
1,1.866621
1,1.874797
1,1.980775
1,1.804688
1,1.750368
1,1.618622
1,1.395066
1,1.441916
1,1.077671
1,1.265627
1,1.146112
1,1.966654
1,1.893119
1,1.378193
1,1.784432
1,1.861864
1,1.973734
1,1.708575
1,1.646427
1,1.443864
1,1.419149
1,1.093838
1,1.779107
1,1.811676
1,1.553229
1,1.823795
1,1.80096
1,1.924141
1,1.986246
1,1.705289
1,1.452255
1,1.440025
1,1.968373
1,1.12851
1,1.87566
1,1.361068
1,1.854562
1,2.035096
1,1.618111
1,1.184528
1,1.135092
1,1.15505
1,1.338521
1,1.405281
1,1.497589
1,1.271839
1,2.156801
1,1.650616
1,1.576954
1,1.436443
1,1.524855
1,1.502632
1,1.222142
1,1.716873
1,1.424126
1,1.873897
1,1.212765
1,1.143788
1,1.786517
1,1.846209
1,1.964748
1,2.047354
1,1.516223
1,1.571048
1,2.019882
1,2.004476
1,1.732399
1,2.172016
1,1.228233
1,1.413043
1,1.519913
1,2.090252
1,1.297684
1,1.409228
1,2.243883
1,1.450989
1,1.678066
1,1.811347
1,1.710813
1,2.189294
1,1.408995
1,1.536435
1,1.734583
1,1.194216
1,2.173971
1,1.751754
1,1.493625
1,1.526959
1,2.380362
1,2.224021
1,1.54132
1,1.612291
1,2.279129
1,1.692972
1,1.453238
1,2.022295
1,2.380627
1,2.625914
1,1.571796
1,2.010619
1,2.227122
1,2.578174
1,1.548854
1,1.79131
1,2.473277
1,1.693156
1,1.47229
1,1.677634
1,1.485964
1,1.624
1,1.855871
1,2.407641
1,2.553968
1,1.563812
1,2.592886
1,1.656888
1,1.657019
1,1.61493
1,1.580986
1,1.756987
1,1.363282
1,2.674664
1,2.106547
1,1.685428
1,2.241508
1,1.707804
1,2.31428
1,2.35904
1,1.820533
1,1.751002
1,1.789377
1,1.991022
1,2.253805
1,2.018926
1,1.84156
1,2.493127
1,2.193009
1,0.8744187
1,2.581335
1,2.047066
1,2.711364
1,2.884958
1,1.887396
1,1.954069
1,1.966378
1,2.242863
1,2.031599
1,2.265514
1,2.063251
1,1.95026
1,2.110371
1,2.436733
1,3.041894
1,2.227097
1,2.748733
1,2.17963
1,3.274012
1,2.033967
1,2.367575
1,2.196221
1,2.406958
1,2.414173
1,2.470581
1,2.612864
1,2.663854
1,2.3364
1,2.820946
1,2.48201
1,2.534886
1,2.45804
1,2.324231
1,2.975786
1,3.776542
1,2.914086
1,2.848059
1,2.907987
1,3.632389
1,2.966506
1,3.50998
1,3.832069
1,3.717677
1,3.82241
1,3.760968
1,4.052911
1,3.609137
1,3.278886
1,4.339659
1,4.065416
1,5.243685
1,7.957947
1,10.5874
1,13.3117
