"","diff","Similarity"
"1",0,1
"63",1,0.208480100306099
"64",0,1
"125",2,0.245490455393089
"126",1,0.588248604516802
"127",0,1
"187",3,0.265367103008594
"188",2,0.592695254139307
"189",1,0.615469563931251
"190",0,1
"249",4,0.140794524291999
"250",3,0.480108476024599
"251",2,0.506505158574383
"252",1,0.491865041056966
"253",0,1
"311",5,0.15680664443092
"312",4,0.551037509373276
"313",3,0.53184635247425
"314",2,0.53874573746081
"315",1,0.462422120120739
"316",0,1
"373",6,0.276531594472089
"374",5,0.656890964709264
"375",4,0.66629767994551
"376",3,0.658803084237068
"377",2,0.655506896089613
"378",1,0.784714915053528
"379",0,1
"435",7,0.214961110712835
"436",6,0.616031230585895
"437",5,0.616393523550196
"438",4,0.623152163410202
"439",3,0.655359326588787
"440",2,0.768837499055408
"441",1,0.852443317915813
"442",0,1
"497",8,0.269945662847675
"498",7,0.650219874341585
"499",6,0.621394345506517
"500",5,0.62247790698154
"501",4,0.643875438842196
"502",3,0.756475681816868
"503",2,0.875017605344112
"504",1,0.856211475604583
"505",0,1
"559",9,0.279192714529812
"560",8,0.562672267945287
"561",7,0.519498700369607
"562",6,0.565631831624039
"563",5,0.551859631581358
"564",4,0.709616503281286
"565",3,0.834417725313946
"566",2,0.774120151331524
"567",1,0.823842137806494
"568",0,1
"621",10,0.170550727128771
"622",9,0.636820738616548
"623",8,0.570536681874516
"624",7,0.628700169556936
"625",6,0.594238797944441
"626",5,0.733952361901225
"627",4,0.859767364312515
"628",3,0.805035955345051
"629",2,0.829329814517711
"630",1,0.805049605963075
"631",0,1
"683",11,0.134001456400392
"684",10,0.606378052223139
"685",9,0.577643731418076
"686",8,0.61148241231128
"687",7,0.57518119433155
"688",6,0.712201905295397
"689",5,0.84722834599262
"690",4,0.811347267281977
"691",3,0.833859575342777
"692",2,0.842192316480636
"693",1,0.889420766596476
"694",0,1
"745",12,0.153737932996615
"746",11,0.633467442854482
"747",10,0.621221615318718
"748",9,0.594611143182522
"749",8,0.614909485344466
"750",7,0.691207722457208
"751",6,0.853000243898403
"752",5,0.807349207716928
"753",4,0.824487823261798
"754",3,0.802830291683728
"755",2,0.876319314995814
"756",1,0.897861759551282
"757",0,1
"807",13,0.117406863851135
"808",12,0.672201580939553
"809",11,0.608577924492434
"810",10,0.590170205142049
"811",9,0.629330878767982
"812",8,0.636939798814598
"813",7,0.810587856598099
"814",6,0.758112038304836
"815",5,0.783041372814796
"816",4,0.723973463863786
"817",3,0.806666939159408
"818",2,0.816105076540348
"819",1,0.83251279750505
"820",0,1
"869",14,0.130784222678722
"870",13,0.613377618289568
"871",12,0.595165618601781
"872",11,0.54259329775311
"873",10,0.658821694411535
"874",9,0.576660261226226
"875",8,0.805014577913794
"876",7,0.753027823333912
"877",6,0.786999789709971
"878",5,0.719308841128178
"879",4,0.814218598081549
"880",3,0.793460876481287
"881",2,0.825503989224423
"882",1,0.836842168163859
"883",0,1
"931",15,0.0993554217981953
"932",14,0.606662374712901
"933",13,0.619362620829101
"934",12,0.570434340652
"935",11,0.664032835828696
"936",10,0.630346747030048
"937",9,0.836406074001402
"938",8,0.782546929215509
"939",7,0.777749844554211
"940",6,0.737433873923799
"941",5,0.838671529103312
"942",4,0.832626127170074
"943",3,0.852582243471625
"944",2,0.823408270963688
"945",1,0.888789019707174
"946",0,1
"993",16,0.128887837816466
"994",15,0.630747857738296
"995",14,0.614646349819458
"996",13,0.615835903789892
"997",12,0.705358864382253
"998",11,0.623131903596065
"999",10,0.824594150132616
"1000",9,0.763259633148133
"1001",8,0.787628972159352
"1002",7,0.769920629946945
"1003",6,0.834619404647339
"1004",5,0.842782589605483
"1005",4,0.864482715709829
"1006",3,0.85541437519297
"1007",2,0.853100193891035
"1008",1,0.890629346683065
"1009",0,1
"1055",17,0.130432006643635
"1056",16,0.625879782909705
"1057",15,0.632705302692355
"1058",14,0.596145191384804
"1059",13,0.680952982768471
"1060",12,0.619196085949298
"1061",11,0.817906595448296
"1062",10,0.770624111186561
"1063",9,0.774448946250123
"1064",8,0.745256363933063
"1065",7,0.829291128428371
"1066",6,0.856596300393408
"1067",5,0.864709442124806
"1068",4,0.850861527168682
"1069",3,0.867938650503601
"1070",2,0.894059788722897
"1071",1,0.925967876229875
"1072",0,1
"1117",18,0.161007929145971
"1118",17,0.614393458297506
"1119",16,0.629022177223634
"1120",15,0.586547272483049
"1121",14,0.708802687323294
"1122",13,0.607286232836958
"1123",12,0.807871740132726
"1124",11,0.757733251634887
"1125",10,0.776685450535465
"1126",9,0.730766063700193
"1127",8,0.822453529023173
"1128",7,0.812829441606287
"1129",6,0.848402643194083
"1130",5,0.82397516869386
"1131",4,0.852340650666644
"1132",3,0.868685644407755
"1133",2,0.911389292839995
"1134",1,0.915823153697315
"1135",0,1
"1179",19,0.159542615724983
"1180",18,0.628620269498098
"1181",17,0.622520017002416
"1182",16,0.586676261620174
"1183",15,0.680836138082374
"1184",14,0.607336789480462
"1185",13,0.805205203074666
"1186",12,0.744646089932336
"1187",11,0.746956473799205
"1188",10,0.712546754858982
"1189",9,0.822284727659077
"1190",8,0.816313371398145
"1191",7,0.835598701903197
"1192",6,0.852620350121659
"1193",5,0.867610387291554
"1194",4,0.88172493593964
"1195",3,0.915828820304962
"1196",2,0.938729641707873
"1197",1,0.907976045001229
"1198",0,1
"1241",20,0.137978018575606
"1242",19,0.60723917730248
"1243",18,0.63921125892702
"1244",17,0.585464032062336
"1245",16,0.704472749600314
"1246",15,0.549989292280969
"1247",14,0.781758271918352
"1248",13,0.729428850165953
"1249",12,0.743890168562136
"1250",11,0.681627827798149
"1251",10,0.7630838511299
"1252",9,0.762513042332552
"1253",8,0.802544469884501
"1254",7,0.859631994951618
"1255",6,0.873969917088607
"1256",5,0.872813691055848
"1257",4,0.899567049495549
"1258",3,0.907442361144973
"1259",2,0.897436905833027
"1260",1,0.931418539475968
"1261",0,1
"1303",21,0.161905972085046
"1304",20,0.596969874955615
"1305",19,0.641676075531787
"1306",18,0.599108518637967
"1307",17,0.678382414986991
"1308",16,0.580386904618953
"1309",15,0.813189873705022
"1310",14,0.752180848058976
"1311",13,0.774585100960693
"1312",12,0.714869106233779
"1313",11,0.788584211271002
"1314",10,0.814903297658034
"1315",9,0.824392621125624
"1316",8,0.849595718552519
"1317",7,0.84108064110816
"1318",6,0.860190448947826
"1319",5,0.891741088901711
"1320",4,0.908012619192329
"1321",3,0.884302566077174
"1322",2,0.908756497924519
"1323",1,0.910741939600281
"1324",0,1
"1365",22,0.141994230322754
"1366",21,0.618832671708045
"1367",20,0.65005020128626
"1368",19,0.601679459352795
"1369",18,0.687677322885341
"1370",17,0.564501806911426
"1371",16,0.795545168748663
"1372",15,0.730570770547977
"1373",14,0.728481632584223
"1374",13,0.676129595404783
"1375",12,0.784575206525087
"1376",11,0.77730038067166
"1377",10,0.814204415297389
"1378",9,0.859675619548004
"1379",8,0.864275982334717
"1380",7,0.867113224444462
"1381",6,0.888323206469828
"1382",5,0.92600010292092
"1383",4,0.888540080630534
"1384",3,0.931789670826748
"1385",2,0.943976384979776
"1386",1,0.932170520605558
"1387",0,1
"1427",23,0.130861605340414
"1428",22,0.618758432816096
"1429",21,0.648527868871409
"1430",20,0.574600757539254
"1431",19,0.688064472607316
"1432",18,0.548566124869668
"1433",17,0.774016761057433
"1434",16,0.727727064548456
"1435",15,0.718759841906302
"1436",14,0.646796461632217
"1437",13,0.764698399373078
"1438",12,0.75022655179825
"1439",11,0.784528453966958
"1440",10,0.850315602563804
"1441",9,0.862932719758356
"1442",8,0.86152155214831
"1443",7,0.876096267592976
"1444",6,0.911395496589468
"1445",5,0.871156859308152
"1446",4,0.929197147732222
"1447",3,0.949569208974832
"1448",2,0.914658280778002
"1449",1,0.960831876809251
"1450",0,1
"1489",24,0.216345461189946
"1490",23,0.643161314505721
"1491",22,0.697281707782452
"1492",21,0.636350095284482
"1493",20,0.638517856681446
"1494",19,0.538166506590174
"1495",18,0.745786004750253
"1496",17,0.675342122079309
"1497",16,0.702063838258714
"1498",15,0.625577548893252
"1499",14,0.746696160302125
"1500",13,0.727659542819023
"1501",12,0.768336463924757
"1502",11,0.804725976101196
"1503",10,0.79253443929905
"1504",9,0.805262248007321
"1505",8,0.852514355885028
"1506",7,0.864713942518767
"1507",6,0.833027752060388
"1508",5,0.891585958606363
"1509",4,0.876251170866303
"1510",3,0.881105724456499
"1511",2,0.912035693357811
"1512",1,0.907341979704218
"1513",0,1
"1551",25,0.304739630776512
"1552",24,0.656367209922083
"1553",23,0.697013774997059
"1554",22,0.64982315669646
"1555",21,0.590381575762346
"1556",20,0.507201299778889
"1557",19,0.700083893225857
"1558",18,0.617042171713541
"1559",17,0.661969195967629
"1560",16,0.582154830310847
"1561",15,0.683654121567278
"1562",14,0.653314915577421
"1563",13,0.697402507621347
"1564",12,0.757426081448602
"1565",11,0.747970802647906
"1566",10,0.741460413929725
"1567",9,0.790447537212759
"1568",8,0.789546856977046
"1569",7,0.763647889718148
"1570",6,0.823899595961827
"1571",5,0.81110907302438
"1572",4,0.819897521523382
"1573",3,0.847896375703723
"1574",2,0.846406795906534
"1575",1,0.958161201788327
"1576",0,1
"1613",26,0.311207010764397
"1614",25,0.636673005929304
"1615",24,0.676800777139937
"1616",23,0.589009322325764
"1617",22,0.554104064378154
"1618",21,0.406872701601831
"1619",20,0.628807039594421
"1620",19,0.525523523835163
"1621",18,0.585685345796692
"1622",17,0.494027266713194
"1623",16,0.591640047441317
"1624",15,0.562626936506004
"1625",14,0.624347444877936
"1626",13,0.698834080205889
"1627",12,0.694201400411507
"1628",11,0.670587421465886
"1629",10,0.722932660240716
"1630",9,0.723800790735257
"1631",8,0.701716543914446
"1632",7,0.754801030000714
"1633",6,0.750835857662638
"1634",5,0.75264854489125
"1635",4,0.794856690154678
"1636",3,0.791585491127257
"1637",2,0.930023065192663
"1638",1,0.96026061284211
"1639",0,1
"1675",27,0.253545660125927
"1676",26,0.620623315372835
"1677",25,0.667849924119326
"1678",24,0.590361963511435
"1679",23,0.491847641896495
"1680",22,0.400671407480979
"1681",21,0.606984301749364
"1682",20,0.499379651775704
"1683",19,0.546979589461169
"1684",18,0.458501229516242
"1685",17,0.59500447533962
"1686",16,0.559695793406174
"1687",15,0.616958933691472
"1688",14,0.682071232207647
"1689",13,0.654380316159425
"1690",12,0.670540533485273
"1691",11,0.713509848059094
"1692",10,0.723809548782455
"1693",9,0.680316523739456
"1694",8,0.753793302747971
"1695",7,0.744676595073902
"1696",6,0.745276781241004
"1697",5,0.799821609230031
"1698",4,0.789775800692547
"1699",3,0.924937613634899
"1700",2,0.946258810039175
"1701",1,0.962812685635985
"1702",0,1
"1737",28,0.297952637497295
"1738",27,0.642733079199557
"1739",26,0.671874859550061
"1740",25,0.604316420342848
"1741",24,0.515626047379343
"1742",23,0.42135663830707
"1743",22,0.617612971540484
"1744",21,0.508490177996076
"1745",20,0.559081639660644
"1746",19,0.48759563953887
"1747",18,0.602375765478669
"1748",17,0.558826740659194
"1749",16,0.62244591438049
"1750",15,0.677499600607578
"1751",14,0.650567855644544
"1752",13,0.65447354600186
"1753",12,0.713391078639868
"1754",11,0.718933424113335
"1755",10,0.687082860339606
"1756",9,0.749564883029701
"1757",8,0.727766721182274
"1758",7,0.735004880784276
"1759",6,0.785494609077645
"1760",5,0.774282598906586
"1761",4,0.925351446303227
"1762",3,0.953155796818535
"1763",2,0.965497897816806
"1764",1,0.969779039135388
"1765",0,1
"1799",29,0.310542801403029
"1800",28,0.646337824423654
"1801",27,0.691004563313364
"1802",26,0.618334762862295
"1803",25,0.536377574005069
"1804",24,0.443204254835227
"1805",23,0.642260247788057
"1806",22,0.543955954415888
"1807",21,0.597697674459868
"1808",20,0.519329611583009
"1809",19,0.617519554416931
"1810",18,0.59315206571846
"1811",17,0.655049831567665
"1812",16,0.688269363632115
"1813",15,0.666232113135434
"1814",14,0.670708319382249
"1815",13,0.724715445127652
"1816",12,0.732070559346259
"1817",11,0.705842000151435
"1818",10,0.756731177934986
"1819",9,0.741517443163111
"1820",8,0.759105261143521
"1821",7,0.788196573257343
"1822",6,0.773078819759565
"1823",5,0.920512962535523
"1824",4,0.945576903105079
"1825",3,0.964218528212653
"1826",2,0.964406568579687
"1827",1,0.970133366556007
"1828",0,1
"1861",30,0.320351235879991
"1862",29,0.652571679929964
"1863",28,0.685364894501435
"1864",27,0.611770066201216
"1865",26,0.527743404899292
"1866",25,0.437865061255709
"1867",24,0.630888981832512
"1868",23,0.539058338000392
"1869",22,0.576551790101793
"1870",21,0.502475467000765
"1871",20,0.608172591313265
"1872",19,0.577742728228011
"1873",18,0.642158414139289
"1874",17,0.688090736862694
"1875",16,0.66663735631665
"1876",15,0.666553848579909
"1877",14,0.718226868404515
"1878",13,0.725379497128224
"1879",12,0.697698067703925
"1880",11,0.753493536476275
"1881",10,0.740120143885985
"1882",9,0.7458676779016
"1883",8,0.792487616391989
"1884",7,0.776854348930683
"1885",6,0.918671334115745
"1886",5,0.946682299397387
"1887",4,0.962180973063879
"1888",3,0.969637886887856
"1889",2,0.975538232178682
"1890",1,0.984460580030844
"1891",0,1
"1923",31,0.317576158616485
"1924",30,0.645684352322958
"1925",29,0.685316927192691
"1926",28,0.609017923946977
"1927",27,0.528764090406647
"1928",26,0.430146910527908
"1929",25,0.6455971297054
"1930",24,0.549760430212969
"1931",23,0.584594571474254
"1932",22,0.510822541825179
"1933",21,0.604339975308503
"1934",20,0.572560307088365
"1935",19,0.644927029074199
"1936",18,0.699697265418537
"1937",17,0.680491941166862
"1938",16,0.678940549555974
"1939",15,0.714756879721686
"1940",14,0.734130059601175
"1941",13,0.703699517884163
"1942",12,0.752832146324657
"1943",11,0.751630871316777
"1944",10,0.764176564545935
"1945",9,0.809425368418561
"1946",8,0.795109981266657
"1947",7,0.901101961878379
"1948",6,0.926562537267229
"1949",5,0.948284021697215
"1950",4,0.956436495306117
"1951",3,0.955684833533391
"1952",2,0.963304169592068
"1953",1,0.966508340318377
"1954",0,1
"1985",32,0.314636338846855
"1986",31,0.641911096341581
"1987",30,0.682334855378708
"1988",29,0.594921779409899
"1989",28,0.536793336549108
"1990",27,0.404374749701327
"1991",26,0.641125403417595
"1992",25,0.532498977063756
"1993",24,0.592274196115741
"1994",23,0.503978159118502
"1995",22,0.59896282605885
"1996",21,0.565542453741722
"1997",20,0.640411018010538
"1998",19,0.690550540256935
"1999",18,0.682758858187399
"2000",17,0.677213882339992
"2001",16,0.716061939724735
"2002",15,0.726163944956036
"2003",14,0.70135132602105
"2004",13,0.753927770562281
"2005",12,0.761218304889135
"2006",11,0.76331073525273
"2007",10,0.808497406118711
"2008",9,0.798690800768769
"2009",8,0.904873679602975
"2010",7,0.92961535733752
"2011",6,0.947388666657611
"2012",5,0.95542464674851
"2013",4,0.953977341948526
"2014",3,0.96129239063452
"2015",2,0.967701931508051
"2016",1,0.979022769315489
"2017",0,1
"2047",33,0.330967413680148
"2048",32,0.64781178859291
"2049",31,0.669736690486787
"2050",30,0.59977880728713
"2051",29,0.536151653653115
"2052",28,0.425851328518664
"2053",27,0.620558444228811
"2054",26,0.527751487704031
"2055",25,0.578138287646866
"2056",24,0.500050052591906
"2057",23,0.600861336290707
"2058",22,0.565246632454736
"2059",21,0.622896462187436
"2060",20,0.666036070271513
"2061",19,0.645553700583272
"2062",18,0.628910725069049
"2063",17,0.695085518215523
"2064",16,0.695376429511148
"2065",15,0.677567459607368
"2066",14,0.730121509256049
"2067",13,0.719801025758348
"2068",12,0.71928620787075
"2069",11,0.768454082627712
"2070",10,0.757700181059662
"2071",9,0.899738877589042
"2072",8,0.930185279438701
"2073",7,0.949886233275029
"2074",6,0.940895897247443
"2075",5,0.961110490257026
"2076",4,0.96020161670389
"2077",3,0.964713634388618
"2078",2,0.946977406445422
"2079",1,0.956388110876654
"2080",0,1
"2109",34,0.285311214386106
"2110",33,0.616649671014407
"2111",32,0.638807980461382
"2112",31,0.575576542097592
"2113",30,0.512121836086918
"2114",29,0.387536585414016
"2115",28,0.594544182905527
"2116",27,0.495164709495247
"2117",26,0.547702599274232
"2118",25,0.469547833307825
"2119",24,0.587939993528941
"2120",23,0.53770500693254
"2121",22,0.60439537281794
"2122",21,0.654834362596386
"2123",20,0.638687955949065
"2124",19,0.623360558458581
"2125",18,0.682163363610053
"2126",17,0.688778712140472
"2127",16,0.667132554423069
"2128",15,0.728948523700768
"2129",14,0.722236352880258
"2130",13,0.716186548775399
"2131",12,0.771828025069158
"2132",11,0.761141855843485
"2133",10,0.895639186692394
"2134",9,0.922755526482746
"2135",8,0.941712458693134
"2136",7,0.940235351253368
"2137",6,0.957022107354755
"2138",5,0.955705013092606
"2139",4,0.962366035015549
"2140",3,0.945548183356257
"2141",2,0.959987384395434
"2142",1,0.981566584205101
"2143",0,1
"2171",35,0.2430850236705
"2172",34,0.619463875440739
"2173",33,0.625666315208919
"2174",32,0.549675149345791
"2175",31,0.537820789291411
"2176",30,0.352966287494839
"2177",29,0.582590628841537
"2178",28,0.479702563423613
"2179",27,0.535656823169541
"2180",26,0.442556392916776
"2181",25,0.567134208856204
"2182",24,0.509455135968417
"2183",23,0.590388196694599
"2184",22,0.668778655625774
"2185",21,0.658980954257159
"2186",20,0.626152958672675
"2187",19,0.685753378466085
"2188",18,0.694869486055576
"2189",17,0.675758822003622
"2190",16,0.729572177785388
"2191",15,0.743646755489772
"2192",14,0.719227299754983
"2193",13,0.783592297621925
"2194",12,0.778317881620645
"2195",11,0.874472140135231
"2196",10,0.899039592420531
"2197",9,0.927146007574511
"2198",8,0.922402641614779
"2199",7,0.933246996260388
"2200",6,0.932582777467897
"2201",5,0.938417703817832
"2202",4,0.944171804988959
"2203",3,0.95371252271746
"2204",2,0.956680401712918
"2205",1,0.96955975565506
"2206",0,1
"2233",36,0.194360441833542
"2234",35,0.577340554589541
"2235",34,0.59279455469942
"2236",33,0.498069241678705
"2237",32,0.500554526417483
"2238",31,0.309602095245039
"2239",30,0.54779196391768
"2240",29,0.444406779965741
"2241",28,0.490242269995532
"2242",27,0.392329171618607
"2243",26,0.534573219362551
"2244",25,0.46863010485622
"2245",24,0.552443999827589
"2246",23,0.638655389582951
"2247",22,0.632068470618264
"2248",21,0.601068365957016
"2249",20,0.65883331436627
"2250",19,0.672713272208735
"2251",18,0.650166612620327
"2252",17,0.714836796994039
"2253",16,0.721395458559428
"2254",15,0.694934209347451
"2255",14,0.766472361100471
"2256",13,0.76706219862546
"2257",12,0.861440585403412
"2258",11,0.885228639019358
"2259",10,0.914564990382094
"2260",9,0.914083546408312
"2261",8,0.925257126613658
"2262",7,0.914805713770483
"2263",6,0.926761420574558
"2264",5,0.932637468554737
"2265",4,0.946524977450316
"2266",3,0.946331436777028
"2267",2,0.962264959904802
"2268",1,0.977637895003258
"2269",0,1
"2295",37,0.238172681365635
"2296",36,0.59675154627348
"2297",35,0.619984553073509
"2298",34,0.539673280012055
"2299",33,0.523491749588099
"2300",32,0.341821740999305
"2301",31,0.575434110321531
"2302",30,0.481197965306395
"2303",29,0.539268249375487
"2304",28,0.427256987935223
"2305",27,0.555038661917535
"2306",26,0.496185908747565
"2307",25,0.576979581650717
"2308",24,0.640919584650041
"2309",23,0.641553114227361
"2310",22,0.607743372931756
"2311",21,0.665387345610545
"2312",20,0.668258792311425
"2313",19,0.652992278085598
"2314",18,0.710408508821882
"2315",17,0.717966238661715
"2316",16,0.701817657605743
"2317",15,0.756738065451117
"2318",14,0.755478988049204
"2319",13,0.880029772478553
"2320",12,0.911359096854917
"2321",11,0.93126992600824
"2322",10,0.922005207113953
"2323",9,0.938074734994671
"2324",8,0.933646213106027
"2325",7,0.941310654231989
"2326",6,0.926935377535691
"2327",5,0.942138533786077
"2328",4,0.954233548714723
"2329",3,0.964197852055118
"2330",2,0.962211926835659
"2331",1,0.965196494951693
"2332",0,1
"2357",38,0.196578644509658
"2358",37,0.566504351710489
"2359",36,0.586896153769272
"2360",35,0.519158247718186
"2361",34,0.494704407273576
"2362",33,0.327949881693687
"2363",32,0.559117965647761
"2364",31,0.452139124032721
"2365",30,0.504954143420783
"2366",29,0.395694977829773
"2367",28,0.549258770369044
"2368",27,0.479105047845761
"2369",26,0.559285902303989
"2370",25,0.625521290088347
"2371",24,0.628399939511685
"2372",23,0.596090738652162
"2373",22,0.649494009090677
"2374",21,0.653994214237708
"2375",20,0.631094462235751
"2376",19,0.698530281015608
"2377",18,0.69972261846013
"2378",17,0.684152155507295
"2379",16,0.745689040811742
"2380",15,0.745327917100937
"2381",14,0.874730356726751
"2382",13,0.909858125114273
"2383",12,0.921813469691798
"2384",11,0.918780161302202
"2385",10,0.930546659263344
"2386",9,0.920518436971749
"2387",8,0.933508291541506
"2388",7,0.915143395126334
"2389",6,0.928715970844838
"2390",5,0.940816075845022
"2391",4,0.953792081182667
"2392",3,0.944920747691115
"2393",2,0.951684908222331
"2394",1,0.981935137945738
"2395",0,1
"2419",39,0.21266074396711
"2420",38,0.587490957865112
"2421",37,0.590561917942924
"2422",36,0.521295825903762
"2423",35,0.500165621392555
"2424",34,0.34671027226736
"2425",33,0.561329420422724
"2426",32,0.461552978268903
"2427",31,0.511011706782051
"2428",30,0.408559811779272
"2429",29,0.562612899017157
"2430",28,0.486052790366494
"2431",27,0.566137578485963
"2432",26,0.62169352899321
"2433",25,0.623962149548786
"2434",24,0.594908873903118
"2435",23,0.656960047337213
"2436",22,0.652851727021061
"2437",21,0.641056779743937
"2438",20,0.707520158865716
"2439",19,0.701117622313676
"2440",18,0.683741048166839
"2441",17,0.744058439141583
"2442",16,0.74686402492109
"2443",15,0.870253396521697
"2444",14,0.903051729555489
"2445",13,0.918677623917246
"2446",12,0.917723123745316
"2447",11,0.932271792139918
"2448",10,0.924162371500692
"2449",9,0.93505255133363
"2450",8,0.921369926972685
"2451",7,0.931545419720894
"2452",6,0.949956746472305
"2453",5,0.964685265135834
"2454",4,0.960103111624338
"2455",3,0.964728197795042
"2456",2,0.981417511582803
"2457",1,0.982399164233895
"2458",0,1
"2481",40,0.261939891793963
"2482",39,0.610392810898356
"2483",38,0.633531520811849
"2484",37,0.56000619757886
"2485",36,0.53113194833419
"2486",35,0.379696563323933
"2487",34,0.589919536264402
"2488",33,0.49472335435371
"2489",32,0.545240746713892
"2490",31,0.429190970093287
"2491",30,0.582509649592667
"2492",29,0.507039251498986
"2493",28,0.592337748265117
"2494",27,0.651831344169733
"2495",26,0.654237693862377
"2496",25,0.637551280386996
"2497",24,0.676478350561334
"2498",23,0.674300272047757
"2499",22,0.661769526258987
"2500",21,0.723498148950269
"2501",20,0.726991132651294
"2502",19,0.715419661187115
"2503",18,0.770407661651962
"2504",17,0.770498927976745
"2505",16,0.890910422287447
"2506",15,0.9243110352872
"2507",14,0.937213541779524
"2508",13,0.944777521162178
"2509",12,0.947586823609915
"2510",11,0.941800398312101
"2511",10,0.952893915341649
"2512",9,0.945587190591451
"2513",8,0.953186727552856
"2514",7,0.944761372346104
"2515",6,0.954407550583416
"2516",5,0.950397527852639
"2517",4,0.953653255333848
"2518",3,0.971299941575311
"2519",2,0.974130018936798
"2520",1,0.976172482987931
"2521",0,1
"2543",41,0.223722624485215
"2544",40,0.588935975215036
"2545",39,0.606944493914352
"2546",38,0.526101954698695
"2547",37,0.512859683893703
"2548",36,0.336675817184663
"2549",35,0.559419384625077
"2550",34,0.460816452237952
"2551",33,0.505769356254374
"2552",32,0.383433163189897
"2553",31,0.549808446716621
"2554",30,0.469839297407837
"2555",29,0.56150866854743
"2556",28,0.630521113013697
"2557",27,0.640665821780459
"2558",26,0.612095749525453
"2559",25,0.646652908860093
"2560",24,0.652519281598597
"2561",23,0.638932843797515
"2562",22,0.706980015674015
"2563",21,0.704159429507242
"2564",20,0.692667250494846
"2565",19,0.752164157035999
"2566",18,0.753051204294339
"2567",17,0.873108174611476
"2568",16,0.909477698581642
"2569",15,0.923219590814333
"2570",14,0.923681537802324
"2571",13,0.928784783195319
"2572",12,0.921472677724057
"2573",11,0.934230844125631
"2574",10,0.923542191055126
"2575",9,0.934261240632274
"2576",8,0.928137446815878
"2577",7,0.941743154248577
"2578",6,0.94170552035685
"2579",5,0.946716517025687
"2580",4,0.969044786886491
"2581",3,0.972176116461056
"2582",2,0.972717686512116
"2583",1,0.983809043839826
"2584",0,1
"2605",42,0.248632550570738
"2606",41,0.592412821714857
"2607",40,0.63380870024704
"2608",39,0.53986873794484
"2609",38,0.528724623811539
"2610",37,0.37023017557104
"2611",36,0.588264567080025
"2612",35,0.490379086827328
"2613",34,0.542719949008554
"2614",33,0.414670113196157
"2615",32,0.565064824030979
"2616",31,0.502162740293873
"2617",30,0.586013306594196
"2618",29,0.62878940981854
"2619",28,0.64548921886087
"2620",27,0.620931912201762
"2621",26,0.657951962565858
"2622",25,0.66544520518409
"2623",24,0.656976990900209
"2624",23,0.707733253120108
"2625",22,0.704976324796623
"2626",21,0.703961309463376
"2627",20,0.754100866976956
"2628",19,0.748192869012675
"2629",18,0.873469061435749
"2630",17,0.907536588707499
"2631",16,0.923508872092637
"2632",15,0.921985171042301
"2633",14,0.929592984100688
"2634",13,0.929709915557368
"2635",12,0.937923199318894
"2636",11,0.931382407493084
"2637",10,0.941391942420708
"2638",9,0.936883075287295
"2639",8,0.944016728935184
"2640",7,0.941961192551735
"2641",6,0.944358484749099
"2642",5,0.969555852686195
"2643",4,0.968460198311024
"2644",3,0.968330123779513
"2645",2,0.979380138328379
"2646",1,0.981369904068143
"2647",0,1
"2667",43,0.178249312486641
"2668",42,0.564018238601941
"2669",41,0.60853107242173
"2670",40,0.49849941255286
"2671",39,0.506828320447331
"2672",38,0.333482402702639
"2673",37,0.561978313300747
"2674",36,0.463720468446224
"2675",35,0.510021893791228
"2676",34,0.372808542717443
"2677",33,0.543429683689145
"2678",32,0.470939341870016
"2679",31,0.565036041320918
"2680",30,0.62855908305635
"2681",29,0.642132988457118
"2682",28,0.617862199190778
"2683",27,0.639029575581919
"2684",26,0.658644566153129
"2685",25,0.641946214654953
"2686",24,0.704111666172708
"2687",23,0.710136016050106
"2688",22,0.699166072016453
"2689",21,0.761130677855437
"2690",20,0.759570566315483
"2691",19,0.854380334888669
"2692",18,0.880224813100389
"2693",17,0.90046715020357
"2694",16,0.910842011034768
"2695",15,0.907639028573672
"2696",14,0.91098278416844
"2697",13,0.91745885251667
"2698",12,0.932006289079939
"2699",11,0.936973521683575
"2700",10,0.912617438560598
"2701",9,0.924386591596651
"2702",8,0.941958229617162
"2703",7,0.947666295198834
"2704",6,0.954294746420025
"2705",5,0.953879955301378
"2706",4,0.959056385940349
"2707",3,0.969716014334099
"2708",2,0.973028487483632
"2709",1,0.977974403062446
"2710",0,1
"2729",44,0.20409384138061
"2730",43,0.581349597536325
"2731",42,0.625177520154186
"2732",41,0.517971934087525
"2733",40,0.509727834460826
"2734",39,0.345730749578121
"2735",38,0.570894795204068
"2736",37,0.474542262454863
"2737",36,0.519546801753718
"2738",35,0.390624991227233
"2739",34,0.553890982329866
"2740",33,0.488402504979757
"2741",32,0.579929263082989
"2742",31,0.631181877868031
"2743",30,0.64611782279438
"2744",29,0.625226285097582
"2745",28,0.656735568865512
"2746",27,0.670180694978686
"2747",26,0.66091991630275
"2748",25,0.712652482054315
"2749",24,0.717642216122265
"2750",23,0.710439653482013
"2751",22,0.769556277648522
"2752",21,0.762783845095406
"2753",20,0.867875802730899
"2754",19,0.892596036146889
"2755",18,0.91039687338619
"2756",17,0.91787585958777
"2757",16,0.916643951025329
"2758",15,0.922814638002183
"2759",14,0.927762842208824
"2760",13,0.940083230841019
"2761",12,0.943867594658136
"2762",11,0.92438986111794
"2763",10,0.931816237207027
"2764",9,0.946302206069028
"2765",8,0.946834798068716
"2766",7,0.954096280506358
"2767",6,0.95334168270173
"2768",5,0.95998227473984
"2769",4,0.970768556550522
"2770",3,0.972472253566424
"2771",2,0.980366823036594
"2772",1,0.988299152674614
"2773",0,1
"2791",45,0.235058864430205
"2792",44,0.589374855751261
"2793",43,0.643464508441412
"2794",42,0.544026805708071
"2795",41,0.518835199260019
"2796",40,0.371611087242022
"2797",39,0.593129015474922
"2798",38,0.496483515692114
"2799",37,0.540359507644219
"2800",36,0.417724946535287
"2801",35,0.561591084628573
"2802",34,0.512015460672069
"2803",33,0.60102231208892
"2804",32,0.636529220231663
"2805",31,0.637273435519748
"2806",30,0.6296536633649
"2807",29,0.662331960464903
"2808",28,0.676350667275537
"2809",27,0.668959820838831
"2810",26,0.712921539042117
"2811",25,0.709731885622137
"2812",24,0.719380899152004
"2813",23,0.765850102536716
"2814",22,0.752137760940537
"2815",21,0.863147647735351
"2816",20,0.889119338416262
"2817",19,0.906218532168699
"2818",18,0.915136621036418
"2819",17,0.915292033489937
"2820",16,0.929244207055863
"2821",15,0.931660638858156
"2822",14,0.940298613429918
"2823",13,0.940730547601682
"2824",12,0.922827471781542
"2825",11,0.926692134000223
"2826",10,0.935455076475364
"2827",9,0.930593548358228
"2828",8,0.947241822497866
"2829",7,0.942002846264104
"2830",6,0.950195630810387
"2831",5,0.961327226899413
"2832",4,0.958484367243781
"2833",3,0.973513257159687
"2834",2,0.977223800115178
"2835",1,0.982536333674739
"2836",0,1
"2853",46,0.21055657976323
"2854",45,0.590195054107524
"2855",44,0.63872491265664
"2856",43,0.526293077490082
"2857",42,0.514200727421238
"2858",41,0.355072709942135
"2859",40,0.583489490221696
"2860",39,0.480673968717441
"2861",38,0.529343475040417
"2862",37,0.39884970657969
"2863",36,0.55139200437206
"2864",35,0.48795403033007
"2865",34,0.58090044408746
"2866",33,0.627413464842127
"2867",32,0.63204530053545
"2868",31,0.613819159512293
"2869",30,0.653650949861106
"2870",29,0.659403568843665
"2871",28,0.657020702673421
"2872",27,0.703433790764317
"2873",26,0.703727892732512
"2874",25,0.704629746892871
"2875",24,0.754237840704037
"2876",23,0.743044401640023
"2877",22,0.855428331773343
"2878",21,0.880188787136701
"2879",20,0.901695493062487
"2880",19,0.906389834371729
"2881",18,0.909459882745388
"2882",17,0.91901925687351
"2883",16,0.921904716284917
"2884",15,0.934722383996991
"2885",14,0.93561582416936
"2886",13,0.91820915324049
"2887",12,0.923018010327427
"2888",11,0.94023804131935
"2889",10,0.936922973787007
"2890",9,0.95014598417458
"2891",8,0.946334947799378
"2892",7,0.954093327467338
"2893",6,0.960522364973108
"2894",5,0.963232935972945
"2895",4,0.975049863910676
"2896",3,0.982045068097361
"2897",2,0.985323721305022
"2898",1,0.986550597911583
"2899",0,1
"2915",47,0.224408207863423
"2916",46,0.591714272179195
"2917",45,0.641546393398528
"2918",44,0.529637809252407
"2919",43,0.505733831612894
"2920",42,0.354371645751207
"2921",41,0.588225134669411
"2922",40,0.483026704732754
"2923",39,0.530185776677119
"2924",38,0.396987850079138
"2925",37,0.560134000099724
"2926",36,0.499239302712522
"2927",35,0.586588721693103
"2928",34,0.630380389783937
"2929",33,0.642215984762522
"2930",32,0.624566307109445
"2931",31,0.643773031570955
"2932",30,0.663088361724045
"2933",29,0.64907223411454
"2934",28,0.704575353455947
"2935",27,0.701463080109908
"2936",26,0.702189474554105
"2937",25,0.75821966936248
"2938",24,0.748683233154445
"2939",23,0.858844457867936
"2940",22,0.885291478341696
"2941",21,0.900209386346447
"2942",20,0.910352101361304
"2943",19,0.910916217088869
"2944",18,0.915405578176995
"2945",17,0.921825202591105
"2946",16,0.936497966723361
"2947",15,0.938928590939347
"2948",14,0.916506986782852
"2949",13,0.921533875221508
"2950",12,0.932342625719095
"2951",11,0.930905612472249
"2952",10,0.947171763969259
"2953",9,0.943574514455703
"2954",8,0.948037917307999
"2955",7,0.961069269961936
"2956",6,0.964584740320261
"2957",5,0.973463445948807
"2958",4,0.980010218779759
"2959",3,0.980373738870509
"2960",2,0.980904923504925
"2961",1,0.985474287057856
"2962",0,1
"2977",48,0.234150425059908
"2978",47,0.578823186367369
"2979",46,0.637191647256297
"2980",45,0.518013171850217
"2981",44,0.500056365761481
"2982",43,0.358630694251844
"2983",42,0.580883643670035
"2984",41,0.483944805294996
"2985",40,0.530142318844137
"2986",39,0.391698020348668
"2987",38,0.547294879725778
"2988",37,0.483182674848903
"2989",36,0.575569468578122
"2990",35,0.625375938556627
"2991",34,0.630825639252897
"2992",33,0.60983118550262
"2993",32,0.634976638149747
"2994",31,0.654968626872392
"2995",30,0.645015332925597
"2996",29,0.698277231725877
"2997",28,0.698712428756519
"2998",27,0.705048405384872
"2999",26,0.752322943746481
"3000",25,0.74179250485069
"3001",24,0.853703757556113
"3002",23,0.882059137113308
"3003",22,0.897633982530738
"3004",21,0.901610664311381
"3005",20,0.902299639541973
"3006",19,0.912424878898935
"3007",18,0.915748589349789
"3008",17,0.930586956155551
"3009",16,0.930655534405916
"3010",15,0.909151628028549
"3011",14,0.914672850770945
"3012",13,0.930365539173437
"3013",12,0.924910107096241
"3014",11,0.942053978543665
"3015",10,0.939087542128036
"3016",9,0.942482353307033
"3017",8,0.953325864085117
"3018",7,0.957503679753737
"3019",6,0.968214516388978
"3020",5,0.975623549216098
"3021",4,0.976757111128837
"3022",3,0.981334100167604
"3023",2,0.98684473448391
"3024",1,0.987886951685446
"3025",0,1
"3039",49,0.257187349220961
"3040",48,0.571917401182278
"3041",47,0.651174319652029
"3042",46,0.515735932355604
"3043",45,0.513760941687635
"3044",44,0.370377453517553
"3045",43,0.591246421648387
"3046",42,0.493209383699698
"3047",41,0.539843404487929
"3048",40,0.402795846712049
"3049",39,0.547603723725549
"3050",38,0.486295016841251
"3051",37,0.579189765801294
"3052",36,0.615701185326129
"3053",35,0.632807528447453
"3054",34,0.608667554374326
"3055",33,0.634534135798344
"3056",32,0.652994732296175
"3057",31,0.652870232227498
"3058",30,0.694887683834164
"3059",29,0.697538859178394
"3060",28,0.698914857591923
"3061",27,0.745648665483941
"3062",26,0.733014441490876
"3063",25,0.844916055700792
"3064",24,0.869221791586282
"3065",23,0.894003805071807
"3066",22,0.890347940735633
"3067",21,0.893537316105582
"3068",20,0.905384844142342
"3069",19,0.906661643053495
"3070",18,0.925022222587629
"3071",17,0.924069292893632
"3072",16,0.905323910722322
"3073",15,0.906900795141584
"3074",14,0.927086430547388
"3075",13,0.9157259683515
"3076",12,0.933888266292038
"3077",11,0.924824789161332
"3078",10,0.933101043209127
"3079",9,0.94157765609558
"3080",8,0.945390311663389
"3081",7,0.961388013896482
"3082",6,0.966543627408885
"3083",5,0.970714416210473
"3084",4,0.976209286455405
"3085",3,0.98329845352796
"3086",2,0.983662200645037
"3087",1,0.98823906743889
"3088",0,1
"3101",50,0.217827915996881
"3102",49,0.568517186905672
"3103",48,0.634832499651629
"3104",47,0.503681820483149
"3105",46,0.510919592441931
"3106",45,0.355196579796711
"3107",44,0.582439990049195
"3108",43,0.476708585741726
"3109",42,0.535918154067975
"3110",41,0.388503072858402
"3111",40,0.549670106507019
"3112",39,0.47733610124202
"3113",38,0.57401921049381
"3114",37,0.618126296979087
"3115",36,0.631808363794349
"3116",35,0.61155602027126
"3117",34,0.636336883559702
"3118",33,0.649635346641429
"3119",32,0.641319346835673
"3120",31,0.69231351147986
"3121",30,0.694215890492712
"3122",29,0.696230679710716
"3123",28,0.74614719079189
"3124",27,0.736347073712975
"3125",26,0.849540522355196
"3126",25,0.873742749096724
"3127",24,0.893276346451734
"3128",23,0.892646607047368
"3129",22,0.895999734820793
"3130",21,0.905656672081366
"3131",20,0.905453827747655
"3132",19,0.920082126056522
"3133",18,0.923311457165168
"3134",17,0.901866624914154
"3135",16,0.908001685463471
"3136",15,0.924384844711852
"3137",14,0.91694467605511
"3138",13,0.93282476181974
"3139",12,0.927357591037309
"3140",11,0.933390056651463
"3141",10,0.943571049321171
"3142",9,0.947870588823807
"3143",8,0.95977284664962
"3144",7,0.966962907864867
"3145",6,0.968092104734522
"3146",5,0.971845194707289
"3147",4,0.979814782225469
"3148",3,0.98195720020099
"3149",2,0.984661458500129
"3150",1,0.986386685662126
"3151",0,1
"3163",51,0.216207229551966
"3164",50,0.565221438776825
"3165",49,0.618448202594343
"3166",48,0.489792105807912
"3167",47,0.495235957830098
"3168",46,0.344179174123028
"3169",45,0.571984968972119
"3170",44,0.458066996805767
"3171",43,0.518876195162792
"3172",42,0.383876123508644
"3173",41,0.539111512517879
"3174",40,0.468011314779214
"3175",39,0.56547172694488
"3176",38,0.600642913541042
"3177",37,0.616300806867856
"3178",36,0.589374520318215
"3179",35,0.624426070596486
"3180",34,0.631366923728197
"3181",33,0.633573801534895
"3182",32,0.68534022829536
"3183",31,0.683416302127819
"3184",30,0.68403555550913
"3185",29,0.733396847603533
"3186",28,0.723965914713589
"3187",27,0.839400276915719
"3188",26,0.86681189013212
"3189",25,0.889378082130258
"3190",24,0.886632182735855
"3191",23,0.891924822720003
"3192",22,0.902189435313792
"3193",21,0.903037708429218
"3194",20,0.918015159109891
"3195",19,0.920172930653827
"3196",18,0.905587760462272
"3197",17,0.909677885675073
"3198",16,0.925310588712208
"3199",15,0.918623772773866
"3200",14,0.935709796406922
"3201",13,0.930256626974411
"3202",12,0.939642161787036
"3203",11,0.943218639892163
"3204",10,0.948632148395152
"3205",9,0.96163074566995
"3206",8,0.966762513551127
"3207",7,0.968428414654173
"3208",6,0.971544018454876
"3209",5,0.982408090018517
"3210",4,0.982081806981827
"3211",3,0.986006932773038
"3212",2,0.986322182848816
"3213",1,0.987729869858169
"3214",0,1
"3225",52,0.193289382715025
"3226",51,0.551740677436309
"3227",50,0.602589829120637
"3228",49,0.471983684943956
"3229",48,0.477281064563373
"3230",47,0.330038486148478
"3231",46,0.555829149260945
"3232",45,0.445653181334115
"3233",44,0.50932613160229
"3234",43,0.360800754248226
"3235",42,0.526245412649576
"3236",41,0.446011685662756
"3237",40,0.54642962235261
"3238",39,0.593622485910543
"3239",38,0.614721268261116
"3240",37,0.582721768552465
"3241",36,0.602547372062185
"3242",35,0.613048537683063
"3243",34,0.613316200613056
"3244",33,0.666345411761374
"3245",32,0.675154512879835
"3246",31,0.667107735611822
"3247",30,0.723115518176787
"3248",29,0.716974411509317
"3249",28,0.823716636999305
"3250",27,0.854190655522981
"3251",26,0.876452685521766
"3252",25,0.875011235801273
"3253",24,0.874788396393495
"3254",23,0.882823224261336
"3255",22,0.886241143921548
"3256",21,0.903419102834215
"3257",20,0.90597386254731
"3258",19,0.885445296782943
"3259",18,0.893229526257148
"3260",17,0.915242905229511
"3261",16,0.908078824714302
"3262",15,0.926171668971056
"3263",14,0.922455330342277
"3264",13,0.931502701372418
"3265",12,0.937109065653003
"3266",11,0.945137286482045
"3267",10,0.954856823850581
"3268",9,0.967384240148776
"3269",8,0.963432579670003
"3270",7,0.964778856409269
"3271",6,0.976838426270379
"3272",5,0.97826601258434
"3273",4,0.982839727496603
"3274",3,0.98230061804517
"3275",2,0.984047800146846
"3276",1,0.990730326378721
"3277",0,1
"3287",53,0.188828099734704
"3288",52,0.551429025661219
"3289",51,0.607350811639787
"3290",50,0.474611925138775
"3291",49,0.473334838921232
"3292",48,0.331323677172949
"3293",47,0.563974167284195
"3294",46,0.447409915259093
"3295",45,0.514942280226685
"3296",44,0.368538388876032
"3297",43,0.536080870130356
"3298",42,0.461033570477392
"3299",41,0.555348868747547
"3300",40,0.595592747361428
"3301",39,0.617894414643087
"3302",38,0.597406205856161
"3303",37,0.606638007340173
"3304",36,0.621587580551106
"3305",35,0.621713095021628
"3306",34,0.671198782620823
"3307",33,0.681059671110079
"3308",32,0.672715677071472
"3309",31,0.724307456896891
"3310",30,0.718819009458782
"3311",29,0.825270580517748
"3312",28,0.852310491328417
"3313",27,0.871303261497328
"3314",26,0.874770025488646
"3315",25,0.875794912255989
"3316",24,0.884102087365791
"3317",23,0.885680109533594
"3318",22,0.902381844592141
"3319",21,0.90900388136675
"3320",20,0.888183338242331
"3321",19,0.897050365841108
"3322",18,0.916494383705663
"3323",17,0.909248108352359
"3324",16,0.925950678277407
"3325",15,0.920029297452034
"3326",14,0.929629448734357
"3327",13,0.93530186694724
"3328",12,0.940799032986238
"3329",11,0.952082242166306
"3330",10,0.962974715258534
"3331",9,0.961968732768438
"3332",8,0.96404613882953
"3333",7,0.974362631356344
"3334",6,0.978925159955843
"3335",5,0.981375836609289
"3336",4,0.982034423400354
"3337",3,0.98198493489043
"3338",2,0.988230411329569
"3339",1,0.991645569166081
"3340",0,1
"3349",54,0.185461227680554
"3350",53,0.540010693638951
"3351",52,0.600764089699614
"3352",51,0.460307627432409
"3353",50,0.475137896560058
"3354",49,0.315611055534795
"3355",48,0.552249335159304
"3356",47,0.44032293488406
"3357",46,0.503117703862875
"3358",45,0.355335434286526
"3359",44,0.522782061993712
"3360",43,0.441220538727767
"3361",42,0.545705281356696
"3362",41,0.590023341524202
"3363",40,0.61065320324304
"3364",39,0.581370806453685
"3365",38,0.598539304503705
"3366",37,0.608450814912966
"3367",36,0.613095652796998
"3368",35,0.665541681327583
"3369",34,0.675867268565352
"3370",33,0.662532834437559
"3371",32,0.715749898705647
"3372",31,0.710316282268724
"3373",30,0.81476634985387
"3374",29,0.840539858308838
"3375",28,0.861959641459266
"3376",27,0.860992312665893
"3377",26,0.862917845867272
"3378",25,0.874498774937995
"3379",24,0.873395007390546
"3380",23,0.895632437879524
"3381",22,0.896702225977623
"3382",21,0.876153469860986
"3383",20,0.883351032533204
"3384",19,0.909162072474618
"3385",18,0.899155094047124
"3386",17,0.914346134351413
"3387",16,0.905913502692928
"3388",15,0.918140409203571
"3389",14,0.922293273079292
"3390",13,0.928778646150935
"3391",12,0.941950457081838
"3392",11,0.957378036473685
"3393",10,0.954742329117588
"3394",9,0.95483149985887
"3395",8,0.969263800220847
"3396",7,0.972118909449025
"3397",6,0.975422925941863
"3398",5,0.979137488660627
"3399",4,0.978965287800945
"3400",3,0.985529579250421
"3401",2,0.98898564028307
"3402",1,0.991263812867762
"3403",0,1
"3411",55,0.19097992033109
"3412",54,0.550428328176298
"3413",53,0.608762190298159
"3414",52,0.462700894040563
"3415",51,0.478151948961571
"3416",50,0.325641365612234
"3417",49,0.559409530231241
"3418",48,0.449385390635277
"3419",47,0.513361760146781
"3420",46,0.364152382798238
"3421",45,0.523187596639709
"3422",44,0.448981227343005
"3423",43,0.550661469250511
"3424",42,0.588679102746556
"3425",41,0.6102704362551
"3426",40,0.582761833067709
"3427",39,0.602302946697935
"3428",38,0.612948747716461
"3429",37,0.618774902889946
"3430",36,0.664434405616785
"3431",35,0.672559728146467
"3432",34,0.662979611507773
"3433",33,0.712913363011603
"3434",32,0.70760285735063
"3435",31,0.815839307118598
"3436",30,0.841708832120835
"3437",29,0.863205465460661
"3438",28,0.857860508181616
"3439",27,0.862569643349232
"3440",26,0.876314068579573
"3441",25,0.875396402076268
"3442",24,0.89360212957941
"3443",23,0.896903184229588
"3444",22,0.879337199485605
"3445",21,0.885936994534038
"3446",20,0.908451924109152
"3447",19,0.898378388747014
"3448",18,0.916984360156984
"3449",17,0.909020273072709
"3450",16,0.91894982511711
"3451",15,0.920705024745733
"3452",14,0.928068013796907
"3453",13,0.943621382761989
"3454",12,0.955341651567064
"3455",11,0.954714311291646
"3456",10,0.956415245358239
"3457",9,0.970906191338561
"3458",8,0.972877251925092
"3459",7,0.977343916296703
"3460",6,0.981295123665473
"3461",5,0.979389726211576
"3462",4,0.987103475600087
"3463",3,0.989253329295261
"3464",2,0.992497486364614
"3465",1,0.99468780458408
"3466",0,1
"3473",56,0.159785835845363
"3474",55,0.525120366883442
"3475",54,0.586123053656901
"3476",53,0.449635518175347
"3477",52,0.47119495378384
"3478",51,0.302608032999671
"3479",50,0.54128184226953
"3480",49,0.431447373619642
"3481",48,0.49025106968654
"3482",47,0.3342199273157
"3483",46,0.512029317833339
"3484",45,0.422995458470413
"3485",44,0.534985346489656
"3486",43,0.574914267776761
"3487",42,0.606276408351161
"3488",41,0.574679374909326
"3489",40,0.590522025637032
"3490",39,0.604033138403983
"3491",38,0.6124774459929
"3492",37,0.659244944824858
"3493",36,0.669880913392815
"3494",35,0.652280659894561
"3495",34,0.709977458998608
"3496",33,0.704659483687702
"3497",32,0.807096131611616
"3498",31,0.83214106449957
"3499",30,0.856047974742123
"3500",29,0.850421902002598
"3501",28,0.853268072716702
"3502",27,0.864211769426937
"3503",26,0.864115492121541
"3504",25,0.885377514236804
"3505",24,0.887714409632104
"3506",23,0.86622406853028
"3507",22,0.876376814883879
"3508",21,0.904946742476188
"3509",20,0.894075453450197
"3510",19,0.910207621989244
"3511",18,0.903434953471084
"3512",17,0.915012927015574
"3513",16,0.917280602064415
"3514",15,0.926586264873732
"3515",14,0.937629119650932
"3516",13,0.955122801796345
"3517",12,0.953180342113544
"3518",11,0.952314004849609
"3519",10,0.966697525561073
"3520",9,0.967994262598268
"3521",8,0.972445145839198
"3522",7,0.97828704733933
"3523",6,0.974351795652211
"3524",5,0.982182328539242
"3525",4,0.986387606812576
"3526",3,0.98983959424406
"3527",2,0.990929793679202
"3528",1,0.993074517395394
"3529",0,1
"3535",57,0.169598323307785
"3536",56,0.541208802486287
"3537",55,0.585265011824118
"3538",54,0.462125770338353
"3539",53,0.465747822222664
"3540",52,0.311073954290325
"3541",51,0.545809374208815
"3542",50,0.440700515111915
"3543",49,0.502370762585037
"3544",48,0.349208781777001
"3545",47,0.519396739715756
"3546",46,0.442732722856017
"3547",45,0.544825475411291
"3548",44,0.581761261977374
"3549",43,0.614091828393652
"3550",42,0.582072715443971
"3551",41,0.596772034430658
"3552",40,0.608339189178317
"3553",39,0.615380820451669
"3554",38,0.664816642992088
"3555",37,0.670975074711272
"3556",36,0.655545482001074
"3557",35,0.70801132754431
"3558",34,0.707517273150531
"3559",33,0.808801986641721
"3560",32,0.835076361051027
"3561",31,0.856080857310447
"3562",30,0.853686356769303
"3563",29,0.853450539268137
"3564",28,0.866773009152546
"3565",27,0.867203262858958
"3566",26,0.889095447651642
"3567",25,0.890591311480796
"3568",24,0.867943462574246
"3569",23,0.875739797296694
"3570",22,0.902254842828629
"3571",21,0.889643369893462
"3572",20,0.906007452919344
"3573",19,0.899116063831985
"3574",18,0.913089437785587
"3575",17,0.917598609163935
"3576",16,0.924118618992846
"3577",15,0.936602447985348
"3578",14,0.9539588021192
"3579",13,0.951935884768475
"3580",12,0.952913400584714
"3581",11,0.96583254947485
"3582",10,0.968817429314336
"3583",9,0.97116599232263
"3584",8,0.974625335559048
"3585",7,0.971927150195801
"3586",6,0.980497623833039
"3587",5,0.985354983961521
"3588",4,0.98850790398425
"3589",3,0.991827711436018
"3590",2,0.991982855066182
"3591",1,0.994120948184123
"3592",0,1
"3597",58,0.140386751239643
"3598",57,0.523306488929944
"3599",56,0.574857242449219
"3600",55,0.448114297593403
"3601",54,0.452565293752512
"3602",53,0.286681305432063
"3603",52,0.527695839995969
"3604",51,0.423254642286338
"3605",50,0.483118046127088
"3606",49,0.320753595676731
"3607",48,0.50508413040034
"3608",47,0.426132997149783
"3609",46,0.530983663705967
"3610",45,0.576552891162745
"3611",44,0.605489539906125
"3612",43,0.572084353141926
"3613",42,0.582656943682393
"3614",41,0.602443338801471
"3615",40,0.60315353087094
"3616",39,0.658279327759822
"3617",38,0.666225718268825
"3618",37,0.648550545732304
"3619",36,0.706563971402424
"3620",35,0.70759165832559
"3621",34,0.806717919078119
"3622",33,0.828863463986267
"3623",32,0.850697225068256
"3624",31,0.850646817397555
"3625",30,0.848511019293651
"3626",29,0.861175170807986
"3627",28,0.862677020845952
"3628",27,0.883775774356603
"3629",26,0.884538242761098
"3630",25,0.860766981150882
"3631",24,0.870989035770028
"3632",23,0.89782698342333
"3633",22,0.888610715884059
"3634",21,0.904224361261657
"3635",20,0.899315457296823
"3636",19,0.910950031604157
"3637",18,0.915448041252307
"3638",17,0.924486272560151
"3639",16,0.934351665088434
"3640",15,0.955213369714126
"3641",14,0.950493969136639
"3642",13,0.949728557855768
"3643",12,0.962959413277604
"3644",11,0.968167113221803
"3645",10,0.96729542014199
"3646",9,0.971381811433688
"3647",8,0.971443476992309
"3648",7,0.975418296343306
"3649",6,0.981819225800124
"3650",5,0.98441208158076
"3651",4,0.988586647671608
"3652",3,0.987602276569592
"3653",2,0.990045784999372
"3654",1,0.992488566416832
"3655",0,1
"3659",59,0.153874578067859
"3660",58,0.538677967414047
"3661",57,0.576552785845444
"3662",56,0.46528145606633
"3663",55,0.445928913648127
"3664",54,0.305392418062937
"3665",53,0.535730760260302
"3666",52,0.437386959166193
"3667",51,0.493986684671877
"3668",50,0.345522012197324
"3669",49,0.520105145468979
"3670",48,0.445905273646242
"3671",47,0.546506968903925
"3672",46,0.581748953133823
"3673",45,0.610400762451625
"3674",44,0.579680350828846
"3675",43,0.594717713512616
"3676",42,0.60399388597728
"3677",41,0.610489664892766
"3678",40,0.662325200265877
"3679",39,0.667319082119811
"3680",38,0.649379171898383
"3681",37,0.70305218461524
"3682",36,0.70382495795171
"3683",35,0.804040901744332
"3684",34,0.830357683855891
"3685",33,0.85217213221357
"3686",32,0.853768806685149
"3687",31,0.852568536086113
"3688",30,0.867441069836303
"3689",29,0.869705026760201
"3690",28,0.88703743678328
"3691",27,0.885924631651941
"3692",26,0.86594972366948
"3693",25,0.873227402505774
"3694",24,0.896281794926355
"3695",23,0.88323564936178
"3696",22,0.902935705591718
"3697",21,0.895682334302297
"3698",20,0.911658669557113
"3699",19,0.914258726414509
"3700",18,0.92054260737892
"3701",17,0.92943251353071
"3702",16,0.948271261024981
"3703",15,0.945936311701175
"3704",14,0.949825813865965
"3705",13,0.960276278390525
"3706",12,0.962815621726457
"3707",11,0.962900839532817
"3708",10,0.965761976196662
"3709",9,0.961981282687425
"3710",8,0.971739585623135
"3711",7,0.97745236004639
"3712",6,0.981086673213871
"3713",5,0.982855003952054
"3714",4,0.983383398290305
"3715",3,0.986584844239088
"3716",2,0.991308415313488
"3717",1,0.990376987216242
"3718",0,1
"3721",60,0.0690953217762702
"3722",59,0.466819112034662
"3723",58,0.50511893159923
"3724",57,0.377917442312106
"3725",56,0.38212778645416
"3726",55,0.238065650519116
"3727",54,0.472856687545265
"3728",53,0.36695881582829
"3729",52,0.43979136941666
"3730",51,0.266214426934655
"3731",50,0.467108046644239
"3732",49,0.365754146140518
"3733",48,0.477239924051009
"3734",47,0.527787213887843
"3735",46,0.575215582852483
"3736",45,0.523912626898083
"3737",44,0.523410026460491
"3738",43,0.546603411528692
"3739",42,0.558389805261497
"3740",41,0.604427775934336
"3741",40,0.606040592571704
"3742",39,0.595382843775103
"3743",38,0.652795322794439
"3744",37,0.649564524923039
"3745",36,0.752038336360906
"3746",35,0.782061144010191
"3747",34,0.803814157887926
"3748",33,0.79839248938209
"3749",32,0.796598824038429
"3750",31,0.810797566229761
"3751",30,0.810219620267143
"3752",29,0.833075706907557
"3753",28,0.830514278751216
"3754",27,0.805669293268912
"3755",26,0.817075015304759
"3756",25,0.848300251403771
"3757",24,0.838682010951358
"3758",23,0.858349616767077
"3759",22,0.85764038034199
"3760",21,0.869787199211205
"3761",20,0.874825275360638
"3762",19,0.887839917174143
"3763",18,0.896580715853041
"3764",17,0.918710389207533
"3765",16,0.9140120804454
"3766",15,0.910702534685366
"3767",14,0.925186133215118
"3768",13,0.931846466809196
"3769",12,0.934210317028494
"3770",11,0.937654696326482
"3771",10,0.933359473979294
"3772",9,0.943179422617687
"3773",8,0.956970235769314
"3774",7,0.958770666594824
"3775",6,0.960558949572734
"3776",5,0.959935725190037
"3777",4,0.968711935845663
"3778",3,0.967945709939493
"3779",2,0.969211246911814
"3780",1,0.965932453516648
"3781",0,1
"3783",61,0
"3784",60,0.398069879254857
"3785",59,0.4478704061544
"3786",58,0.314545866199634
"3787",57,0.326466145297362
"3788",56,0.170948486277377
"3789",55,0.430071098302364
"3790",54,0.312213923862486
"3791",53,0.391235962511943
"3792",52,0.20959925237372
"3793",51,0.422797541672645
"3794",50,0.300580248488403
"3795",49,0.414592558248149
"3796",48,0.478118587911501
"3797",47,0.542336415168829
"3798",46,0.487528170662759
"3799",45,0.465646980580343
"3800",44,0.499667630419193
"3801",43,0.507119372379303
"3802",42,0.557447001532057
"3803",41,0.5631838083041
"3804",40,0.557171809240923
"3805",39,0.614291122951004
"3806",38,0.617009741016299
"3807",37,0.704300591683675
"3808",36,0.733791123942032
"3809",35,0.754250776603766
"3810",34,0.746365142232249
"3811",33,0.738765415421643
"3812",32,0.752016531045798
"3813",31,0.746695687946012
"3814",30,0.77755812443155
"3815",29,0.777186145744325
"3816",28,0.742842863549883
"3817",27,0.763699864227785
"3818",26,0.804810043141164
"3819",25,0.795560347385
"3820",24,0.814904154860124
"3821",23,0.815542368588838
"3822",22,0.825985606429812
"3823",21,0.828798671059515
"3824",20,0.847281764227859
"3825",19,0.848273514815358
"3826",18,0.878413350890896
"3827",17,0.867234860100571
"3828",16,0.856930745528813
"3829",15,0.874472813573664
"3830",14,0.886442556696227
"3831",13,0.889461628300213
"3832",12,0.892595504580558
"3833",11,0.891694776086732
"3834",10,0.897284710049412
"3835",9,0.916880795483152
"3836",8,0.919592492921881
"3837",7,0.919515450408315
"3838",6,0.917888570783373
"3839",5,0.933270787576407
"3840",4,0.925478861315951
"3841",3,0.929711020263501
"3842",2,0.919762755817635
"3843",1,0.976276003011202
"3844",0,1
